time_s,strain
0.000000,0.000000e+00
0.000244,1.457062e-47
0.000488,3.009632e-47
0.000733,4.659026e-47
0.000977,6.406298e-47
0.001221,8.252214e-47
0.001465,1.019723e-46
0.001709,1.224147e-46
0.001954,1.438469e-46
0.002198,1.662626e-46
0.002442,1.896515e-46
0.002686,2.139987e-46
0.002930,2.392846e-46
0.003175,2.654849e-46
0.003419,2.925697e-46
0.003663,3.205039e-46
0.003907,3.492464e-46
0.004151,3.787501e-46
0.004396,4.089617e-46
0.004640,4.398212e-46
0.004884,4.712616e-46
0.005128,5.032091e-46
0.005372,5.355823e-46
0.005617,5.682926e-46
0.005861,6.012432e-46
0.006105,6.343296e-46
0.006349,6.674391e-46
0.006593,7.004509e-46
0.006838,7.332354e-46
0.007082,7.656549e-46
0.007326,7.975627e-46
0.007570,8.288038e-46
0.007814,8.592143e-46
0.008059,8.886217e-46
0.008303,9.168449e-46
0.008547,9.436945e-46
0.008791,9.689726e-46
0.009035,9.924730e-46
0.009280,1.013982e-45
0.009524,1.033277e-45
0.009768,1.050131e-45
0.010012,1.064307e-45
0.010256,1.075562e-45
0.010501,1.083650e-45
0.010745,1.088316e-45
0.010989,1.089303e-45
0.011233,1.086348e-45
0.011477,1.079187e-45
0.011722,1.067552e-45
0.011966,1.051176e-45
0.012210,1.029788e-45
0.012454,1.003122e-45
0.012698,9.709109e-46
0.012943,9.328929e-46
0.013187,8.888102e-46
0.013431,8.384111e-46
0.013675,7.814517e-46
0.013919,7.176971e-46
0.014164,6.469238e-46
0.014408,5.689206e-46
0.014652,4.834911e-46
0.014896,3.904554e-46
0.015140,2.896518e-46
0.015385,1.809395e-46
0.015629,6.420007e-47
0.015873,-6.065993e-47
0.016117,-1.937069e-46
0.016361,-3.349780e-46
0.016606,-4.844784e-46
0.016850,-6.421795e-46
0.017094,-8.080162e-46
0.017338,-9.818844e-46
0.017582,-1.163639e-45
0.017827,-1.353091e-45
0.018071,-1.550005e-45
0.018315,-1.754099e-45
0.018559,-1.965037e-45
0.018803,-2.182434e-45
0.019048,-2.405846e-45
0.019292,-2.634774e-45
0.019536,-2.868660e-45
0.019780,-3.106883e-45
0.020024,-3.348761e-45
0.020269,-3.593546e-45
0.020513,-3.840426e-45
0.020757,-4.088519e-45
0.021001,-4.336878e-45
0.021245,-4.584485e-45
0.021490,-4.830255e-45
0.021734,-5.073032e-45
0.021978,-5.311589e-45
0.022222,-5.544635e-45
0.022466,-5.770805e-45
0.022711,-5.988673e-45
0.022955,-6.196743e-45
0.023199,-6.393459e-45
0.023443,-6.577202e-45
0.023687,-6.746296e-45
0.023932,-6.899012e-45
0.024176,-7.033568e-45
0.024420,-7.148138e-45
0.024664,-7.240856e-45
0.024908,-7.309817e-45
0.025153,-7.353091e-45
0.025397,-7.368724e-45
0.025641,-7.354747e-45
0.025885,-7.309186e-45
0.026129,-7.230066e-45
0.026374,-7.115426e-45
0.026618,-6.963325e-45
0.026862,-6.771854e-45
0.027106,-6.539149e-45
0.027350,-6.263398e-45
0.027595,-5.942860e-45
0.027839,-5.575871e-45
0.028083,-5.160864e-45
0.028327,-4.696381e-45
0.028571,-4.181086e-45
0.028816,-3.613782e-45
0.029060,-2.993427e-45
0.029304,-2.319151e-45
0.029548,-1.590268e-45
0.029792,-8.062994e-46
0.030037,3.301370e-47
0.030281,9.276916e-46
0.030525,1.877499e-45
0.030769,2.881926e-45
0.031013,3.940174e-45
0.031258,5.051136e-45
0.031502,6.213380e-45
0.031746,7.425133e-45
0.031990,8.684265e-45
0.032234,9.988272e-45
0.032479,1.133427e-44
0.032723,1.271895e-44
0.032967,1.413863e-44
0.033211,1.558916e-44
0.033455,1.706598e-44
0.033700,1.856408e-44
0.033944,2.007798e-44
0.034188,2.160177e-44
0.034432,2.312906e-44
0.034676,2.465299e-44
0.034921,2.616626e-44
0.035165,2.766109e-44
0.035409,2.912924e-44
0.035653,3.056205e-44
0.035897,3.195040e-44
0.036142,3.328476e-44
0.036386,3.455519e-44
0.036630,3.575138e-44
0.036874,3.686265e-44
0.037118,3.787800e-44
0.037363,3.878612e-44
0.037607,3.957544e-44
0.037851,4.023417e-44
0.038095,4.075036e-44
0.038339,4.111189e-44
0.038584,4.130658e-44
0.038828,4.132226e-44
0.039072,4.114674e-44
0.039316,4.076797e-44
0.039560,4.017408e-44
0.039805,3.935342e-44
0.040049,3.829467e-44
0.040293,3.698694e-44
0.040537,3.541981e-44
0.040781,3.358343e-44
0.041026,3.146864e-44
0.041270,2.906704e-44
0.041514,2.637111e-44
0.041758,2.337427e-44
0.042002,2.007103e-44
0.042247,1.645707e-44
0.042491,1.252936e-44
0.042735,8.286231e-45
0.042979,3.727545e-45
0.043223,-1.145253e-45
0.043468,-6.329004e-45
0.043712,-1.181873e-44
0.043956,-1.760755e-44
0.044200,-2.368655e-44
0.044444,-3.004470e-44
0.044689,-3.666878e-44
0.044933,-4.354328e-44
0.045177,-5.065030e-44
0.045421,-5.796953e-44
0.045665,-6.547811e-44
0.045910,-7.315067e-44
0.046154,-8.095918e-44
0.046398,-8.887301e-44
0.046642,-9.685884e-44
0.046886,-1.048807e-43
0.047131,-1.129000e-43
0.047375,-1.208753e-43
0.047619,-1.287629e-43
0.047863,-1.365162e-43
0.048107,-1.440864e-43
0.048352,-1.514221e-43
0.048596,-1.584697e-43
0.048840,-1.651736e-43
0.049084,-1.714760e-43
0.049328,-1.773174e-43
0.049573,-1.826367e-43
0.049817,-1.873713e-43
0.050061,-1.914577e-43
0.050305,-1.948312e-43
0.050549,-1.974270e-43
0.050794,-1.991795e-43
0.051038,-2.000237e-43
0.051282,-1.998947e-43
0.051526,-1.987287e-43
0.051770,-1.964631e-43
0.052015,-1.930372e-43
0.052259,-1.883921e-43
0.052503,-1.824719e-43
0.052747,-1.752239e-43
0.052991,-1.665989e-43
0.053236,-1.565521e-43
0.053480,-1.450433e-43
0.053724,-1.320379e-43
0.053968,-1.175071e-43
0.054212,-1.014287e-43
0.054457,-8.378731e-44
0.054701,-6.457553e-44
0.054945,-4.379408e-44
0.055189,-2.145251e-44
0.055433,2.430247e-45
0.055678,2.782530e-44
0.055922,5.469332e-44
0.056166,8.298401e-44
0.056410,1.126356e-43
0.056654,1.435745e-43
0.056899,1.757147e-43
0.057143,2.089578e-43
0.057387,2.431923e-43
0.057631,2.782933e-43
0.057875,3.141230e-43
0.058120,3.505296e-43
0.058364,3.873480e-43
0.058608,4.243995e-43
0.058852,4.614920e-43
0.059096,4.984201e-43
0.059341,5.349656e-43
0.059585,5.708976e-43
0.059829,6.059732e-43
0.060073,6.399382e-43
0.060317,6.725274e-43
0.060562,7.034659e-43
0.060806,7.324700e-43
0.061050,7.592478e-43
0.061294,7.835011e-43
0.061538,8.049262e-43
0.061783,8.232154e-43
0.062027,8.380590e-43
0.062271,8.491466e-43
0.062515,8.561691e-43
0.062759,8.588205e-43
0.063004,8.568003e-43
0.063248,8.498154e-43
0.063492,8.375824e-43
0.063736,8.198302e-43
0.063980,7.963025e-43
0.064225,7.667600e-43
0.064469,7.309837e-43
0.064713,6.887769e-43
0.064957,6.399686e-43
0.065201,5.844159e-43
0.065446,5.220069e-43
0.065690,4.526638e-43
0.065934,3.763453e-43
0.066178,2.930498e-43
0.066422,2.028176e-43
0.066667,1.057343e-43
0.066911,1.932523e-45
0.067155,-1.084050e-43
0.067399,-2.250434e-43
0.067643,-3.476937e-43
0.067888,-4.760106e-43
0.068132,-6.095911e-43
0.068376,-7.479728e-43
0.068620,-8.906328e-43
0.068864,-1.036987e-42
0.069109,-1.186390e-42
0.069353,-1.338133e-42
0.069597,-1.491447e-42
0.069841,-1.645502e-42
0.070085,-1.799407e-42
0.070330,-1.952214e-42
0.070574,-2.102917e-42
0.070818,-2.250458e-42
0.071062,-2.393728e-42
0.071306,-2.531570e-42
0.071551,-2.662787e-42
0.071795,-2.786142e-42
0.072039,-2.900367e-42
0.072283,-3.004165e-42
0.072527,-3.096222e-42
0.072772,-3.175211e-42
0.073016,-3.239799e-42
0.073260,-3.288657e-42
0.073504,-3.320468e-42
0.073748,-3.333939e-42
0.073993,-3.327806e-42
0.074237,-3.300848e-42
0.074481,-3.251898e-42
0.074725,-3.179853e-42
0.074969,-3.083686e-42
0.075214,-2.962458e-42
0.075458,-2.815331e-42
0.075702,-2.641578e-42
0.075946,-2.440598e-42
0.076190,-2.211928e-42
0.076435,-1.955254e-42
0.076679,-1.670424e-42
0.076923,-1.357462e-42
0.077167,-1.016576e-42
0.077411,-6.481717e-43
0.077656,-2.528619e-43
0.077900,1.685224e-43
0.078144,6.149237e-43
0.078388,1.085050e-42
0.078632,1.577366e-42
0.078877,2.090090e-42
0.079121,2.621187e-42
0.079365,3.168366e-42
0.079609,3.729078e-42
0.079853,4.300518e-42
0.080098,4.879623e-42
0.080342,5.463079e-42
0.080586,6.047326e-42
0.080830,6.628564e-42
0.081074,7.202766e-42
0.081319,7.765688e-42
0.081563,8.312884e-42
0.081807,8.839724e-42
0.082051,9.341414e-42
0.082295,9.813015e-42
0.082540,1.024947e-41
0.082784,1.064564e-41
0.083028,1.099631e-41
0.083272,1.129625e-41
0.083516,1.154022e-41
0.083761,1.172305e-41
0.084005,1.183962e-41
0.084249,1.188495e-41
0.084493,1.185423e-41
0.084737,1.174285e-41
0.084982,1.154647e-41
0.085226,1.126105e-41
0.085470,1.088292e-41
0.085714,1.040878e-41
0.085958,9.835822e-42
0.086203,9.161730e-42
0.086447,8.384745e-42
0.086691,7.503716e-42
0.086935,6.518146e-42
0.087179,5.428241e-42
0.087424,4.234957e-42
0.087668,2.940037e-42
0.087912,1.546058e-42
0.088156,5.646451e-44
0.088400,-1.524398e-42
0.088645,-3.191256e-42
0.088889,-4.937882e-42
0.089133,-6.757075e-42
0.089377,-8.640653e-42
0.089621,-1.057944e-41
0.089866,-1.256329e-41
0.090110,-1.458104e-41
0.090354,-1.662061e-41
0.090598,-1.866893e-41
0.090842,-2.071208e-41
0.091087,-2.273523e-41
0.091331,-2.472276e-41
0.091575,-2.665831e-41
0.091819,-2.852481e-41
0.092063,-3.030464e-41
0.092308,-3.197962e-41
0.092552,-3.353122e-41
0.092796,-3.494057e-41
0.093040,-3.618865e-41
0.093284,-3.725641e-41
0.093529,-3.812487e-41
0.093773,-3.877531e-41
0.094017,-3.918943e-41
0.094261,-3.934946e-41
0.094505,-3.923841e-41
0.094750,-3.884017e-41
0.094994,-3.813975e-41
0.095238,-3.712343e-41
0.095482,-3.577897e-41
0.095726,-3.409579e-41
0.095971,-3.206515e-41
0.096215,-2.968036e-41
0.096459,-2.693694e-41
0.096703,-2.383285e-41
0.096947,-2.036859e-41
0.097192,-1.654741e-41
0.097436,-1.237549e-41
0.097680,-7.862015e-42
0.097924,-3.019365e-42
0.098168,2.136803e-42
0.098413,7.587450e-42
0.098657,1.331009e-41
0.098901,1.927871e-41
0.099145,2.546379e-41
0.099389,3.183226e-41
0.099634,3.834754e-41
0.099878,4.496958e-41
0.100122,5.165499e-41
0.100366,5.835711e-41
0.100611,6.502618e-41
0.100855,7.160954e-41
0.101099,7.805184e-41
0.101343,8.429530e-41
0.101587,9.028002e-41
0.101832,9.594429e-41
0.102076,1.012250e-40
0.102320,1.060580e-40
0.102564,1.103785e-40
0.102808,1.141218e-40
0.103053,1.172235e-40
0.103297,1.196200e-40
0.103541,1.212495e-40
0.103785,1.220521e-40
0.104029,1.219708e-40
0.104274,1.209518e-40
0.104518,1.189454e-40
0.104762,1.159067e-40
0.105006,1.117958e-40
0.105250,1.065792e-40
0.105495,1.002299e-40
0.105739,9.272811e-41
0.105983,8.406225e-41
0.106227,7.422915e-41
0.106471,6.323484e-41
0.106716,5.109505e-41
0.106960,3.783571e-41
0.107204,2.349339e-41
0.107448,8.115703e-42
0.107692,-8.238380e-42
0.107937,-2.549827e-41
0.108181,-4.358160e-41
0.108425,-6.239414e-41
0.108669,-8.182980e-41
0.108913,-1.017708e-40
0.109158,-1.220877e-40
0.109402,-1.426400e-40
0.109646,-1.632764e-40
0.109890,-1.838354e-40
0.110134,-2.041461e-40
0.110379,-2.240288e-40
0.110623,-2.432960e-40
0.110867,-2.617538e-40
0.111111,-2.792027e-40
0.111355,-2.954389e-40
0.111600,-3.102560e-40
0.111844,-3.234467e-40
0.112088,-3.348039e-40
0.112332,-3.441230e-40
0.112576,-3.512036e-40
0.112821,-3.558515e-40
0.113065,-3.578806e-40
0.113309,-3.571155e-40
0.113553,-3.533927e-40
0.113797,-3.465640e-40
0.114042,-3.364978e-40
0.114286,-3.230815e-40
0.114530,-3.062241e-40
0.114774,-2.858579e-40
0.115018,-2.619406e-40
0.115263,-2.344576e-40
0.115507,-2.034236e-40
0.115751,-1.688847e-40
0.115995,-1.309194e-40
0.116239,-8.964063e-41
0.116484,-4.519655e-41
0.116728,2.228271e-42
0.116972,5.241224e-41
0.117216,1.050963e-40
0.117460,1.599837e-40
0.117705,2.167404e-40
0.117949,2.749955e-40
0.118193,3.343419e-40
0.118437,3.943383e-40
0.118681,4.545099e-40
0.118926,5.143514e-40
0.119170,5.733288e-40
0.119414,6.308828e-40
0.119658,6.864318e-40
0.119902,7.393761e-40
0.120147,7.891013e-40
0.120391,8.349837e-40
0.120635,8.763947e-40
0.120879,9.127062e-40
0.121123,9.432966e-40
0.121368,9.675561e-40
0.121612,9.848938e-40
0.121856,9.947432e-40
0.122100,9.965697e-40
0.122344,9.898769e-40
0.122589,9.742139e-40
0.122833,9.491817e-40
0.123077,9.144409e-40
0.123321,8.697175e-40
0.123565,8.148106e-40
0.123810,7.495980e-40
0.124054,6.740427e-40
0.124298,5.881985e-40
0.124542,4.922153e-40
0.124786,3.863436e-40
0.125031,2.709390e-40
0.125275,1.464649e-40
0.125519,1.349548e-41
0.125763,-1.272827e-40
0.126007,-2.750700e-40
0.126252,-4.289539e-40
0.126496,-5.879104e-40
0.126740,-7.508067e-40
0.126984,-9.164043e-40
0.127228,-1.083365e-39
0.127473,-1.250254e-39
0.127717,-1.415553e-39
0.127961,-1.577664e-39
0.128205,-1.734919e-39
0.128449,-1.885596e-39
0.128694,-2.027928e-39
0.128938,-2.160117e-39
0.129182,-2.280350e-39
0.129426,-2.386814e-39
0.129670,-2.477715e-39
0.129915,-2.551295e-39
0.130159,-2.605849e-39
0.130403,-2.639748e-39
0.130647,-2.651458e-39
0.130891,-2.639557e-39
0.131136,-2.602762e-39
0.131380,-2.539945e-39
0.131624,-2.450154e-39
0.131868,-2.332635e-39
0.132112,-2.186850e-39
0.132357,-2.012496e-39
0.132601,-1.809523e-39
0.132845,-1.578151e-39
0.133089,-1.318881e-39
0.133333,-1.032512e-39
0.133578,-7.201488e-40
0.133822,-3.832129e-40
0.134066,-2.344632e-41
0.134310,3.570848e-40
0.134554,7.559898e-40
0.134799,1.170557e-39
0.135043,1.597760e-39
0.135287,2.034268e-39
0.135531,2.476458e-39
0.135775,2.920436e-39
0.136020,3.362054e-39
0.136264,3.796936e-39
0.136508,4.220511e-39
0.136752,4.628039e-39
0.136996,5.014653e-39
0.137241,5.375397e-39
0.137485,5.705270e-39
0.137729,5.999272e-39
0.137973,6.252454e-39
0.138217,6.459972e-39
0.138462,6.617139e-39
0.138706,6.719482e-39
0.138950,6.762802e-39
0.139194,6.743230e-39
0.139438,6.657289e-39
0.139683,6.501950e-39
0.139927,6.274692e-39
0.140171,5.973558e-39
0.140415,5.597209e-39
0.140659,5.144977e-39
0.140904,4.616911e-39
0.141148,4.013820e-39
0.141392,3.337317e-39
0.141636,2.589845e-39
0.141880,1.774706e-39
0.142125,8.960817e-40
0.142369,-4.095782e-41
0.142613,-1.030450e-39
0.142857,-2.065545e-39
0.143101,-3.138524e-39
0.143346,-4.240825e-39
0.143590,-5.363075e-39
0.143834,-6.495141e-39
0.144078,-7.626188e-39
0.144322,-8.744744e-39
0.144567,-9.838782e-39
0.144811,-1.089581e-38
0.145055,-1.190298e-38
0.145299,-1.284718e-38
0.145543,-1.371516e-38
0.145788,-1.449370e-38
0.146032,-1.516968e-38
0.146276,-1.573028e-38
0.146520,-1.616310e-38
0.146764,-1.645634e-38
0.147009,-1.659894e-38
0.147253,-1.658075e-38
0.147497,-1.639269e-38
0.147741,-1.602691e-38
0.147985,-1.547695e-38
0.148230,-1.473789e-38
0.148474,-1.380651e-38
0.148718,-1.268139e-38
0.148962,-1.136307e-38
0.149206,-9.854153e-39
0.149451,-8.159409e-39
0.149695,-6.285835e-39
0.149939,-4.242732e-39
0.150183,-2.041742e-39
0.150427,3.031354e-40
0.150672,2.775551e-39
0.150916,5.356836e-39
0.151160,8.026069e-39
0.151404,1.076015e-38
0.151648,1.353395e-38
0.151893,1.632041e-38
0.152137,1.909076e-38
0.152381,2.181471e-38
0.152625,2.446069e-38
0.152869,2.699609e-38
0.153114,2.938761e-38
0.153358,3.160151e-38
0.153602,3.360402e-38
0.153846,3.536164e-38
0.154090,3.684159e-38
0.154335,3.801213e-38
0.154579,3.884306e-38
0.154823,3.930609e-38
0.155067,3.937525e-38
0.155311,3.902739e-38
0.155556,3.824252e-38
0.155800,3.700426e-38
0.156044,3.530026e-38
0.156288,3.312252e-38
0.156532,3.046779e-38
0.156777,2.733789e-38
0.157021,2.373993e-38
0.157265,1.968665e-38
0.157509,1.519651e-38
0.157753,1.029393e-38
0.157998,5.009261e-39
0.158242,-6.210964e-40
0.158486,-6.554802e-39
0.158730,-1.274367e-38
0.158974,-1.913389e-38
0.159219,-2.566623e-38
0.159463,-3.227649e-38
0.159707,-3.889580e-38
0.159951,-4.545125e-38
0.160195,-5.186636e-38
0.160440,-5.806181e-38
0.160684,-6.395615e-38
0.160928,-6.946660e-38
0.161172,-7.450989e-38
0.161416,-7.900322e-38
0.161661,-8.286521e-38
0.161905,-8.601690e-38
0.162149,-8.838285e-38
0.162393,-8.989216e-38
0.162637,-9.047958e-38
0.162882,-9.008659e-38
0.163126,-8.866247e-38
0.163370,-8.616536e-38
0.163614,-8.256327e-38
0.163858,-7.783499e-38
0.164103,-7.197105e-38
0.164347,-6.497446e-38
0.164591,-5.686144e-38
0.164835,-4.766204e-38
0.165079,-3.742055e-38
0.165324,-2.619586e-38
0.165568,-1.406163e-38
0.165812,-1.106333e-39
0.166056,1.256698e-38
0.166300,2.684095e-38
0.166545,4.158451e-38
0.166789,5.665356e-38
0.167033,7.189192e-38
0.167277,8.713248e-38
0.167521,1.021985e-37
0.167766,1.169052e-37
0.168010,1.310612e-37
0.168254,1.444710e-37
0.168498,1.569362e-37
0.168742,1.682587e-37
0.168987,1.782421e-37
0.169231,1.866948e-37
0.169475,1.934323e-37
0.169719,1.982800e-37
0.169963,2.010754e-37
0.170208,2.016716e-37
0.170452,1.999391e-37
0.170696,1.957690e-37
0.170940,1.890751e-37
0.171184,1.797965e-37
0.171429,1.679000e-37
0.171673,1.533815e-37
0.171917,1.362685e-37
0.172161,1.166210e-37
0.172405,9.453313e-38
0.172650,7.013367e-38
0.172894,4.358669e-38
0.173138,1.509155e-38
0.173382,-1.511746e-38
0.173626,-4.677197e-38
0.173871,-7.957078e-38
0.174115,-1.131817e-37
0.174359,-1.472437e-37
0.174603,-1.813699e-37
0.174847,-2.151507e-37
0.175092,-2.481572e-37
0.175336,-2.799459e-37
0.175580,-3.100631e-37
0.175824,-3.380499e-37
0.176068,-3.634476e-37
0.176313,-3.858032e-37
0.176557,-4.046758e-37
0.176801,-4.196426e-37
0.177045,-4.303049e-37
0.177289,-4.362950e-37
0.177534,-4.372823e-37
0.177778,-4.329794e-37
0.178022,-4.231488e-37
0.178266,-4.076080e-37
0.178510,-3.862357e-37
0.178755,-3.589763e-37
0.178999,-3.258449e-37
0.179243,-2.869308e-37
0.179487,-2.424006e-37
0.179731,-1.925012e-37
0.179976,-1.375605e-37
0.180220,-7.798849e-38
0.180464,-1.427645e-38
0.180708,5.300441e-38
0.180952,1.232057e-37
0.181197,1.956056e-37
0.181441,2.694141e-37
0.181685,3.437787e-37
0.181929,4.177922e-37
0.182173,4.905010e-37
0.182418,5.609145e-37
0.182662,6.280160e-37
0.182906,6.907741e-37
0.183150,7.481554e-37
0.183394,7.991372e-37
0.183639,8.427219e-37
0.183883,8.779511e-37
0.184127,9.039202e-37
0.184371,9.197934e-37
0.184615,9.248184e-37
0.184860,9.183410e-37
0.185104,8.998191e-37
0.185348,8.688365e-37
0.185592,8.251154e-37
0.185836,7.685277e-37
0.186081,6.991056e-37
0.186325,6.170501e-37
0.186569,5.227383e-37
0.186813,4.167282e-37
0.187057,2.997615e-37
0.187302,1.727651e-37
0.187546,3.684842e-38
0.187790,-1.067001e-37
0.188034,-2.564202e-37
0.188278,-4.106894e-37
0.188523,-5.677350e-37
0.188767,-7.256496e-37
0.189011,-8.824082e-37
0.189255,-1.035889e-36
0.189499,-1.183896e-36
0.189744,-1.324185e-36
0.189988,-1.454488e-36
0.190232,-1.572546e-36
0.190476,-1.676137e-36
0.190720,-1.763112e-36
0.190965,-1.831420e-36
0.191209,-1.879151e-36
0.191453,-1.904563e-36
0.191697,-1.906117e-36
0.191941,-1.882509e-36
0.192186,-1.832704e-36
0.192430,-1.755959e-36
0.192674,-1.651856e-36
0.192918,-1.520322e-36
0.193162,-1.361651e-36
0.193407,-1.176521e-36
0.193651,-9.660054e-37
0.193895,-7.315808e-37
0.194139,-4.751308e-37
0.194383,-1.989422e-37
0.194628,9.430405e-38
0.194872,4.015466e-37
0.195116,7.193648e-37
0.195360,1.044006e-36
0.195604,1.371417e-36
0.195849,1.697286e-36
0.196093,2.017084e-36
0.196337,2.326120e-36
0.196581,2.619591e-36
0.196825,2.892648e-36
0.197070,3.140457e-36
0.197314,3.358269e-36
0.197558,3.541492e-36
0.197802,3.685759e-36
0.198046,3.787009e-36
0.198291,3.841555e-36
0.198535,3.846157e-36
0.198779,3.798098e-36
0.199023,3.695245e-36
0.199267,3.536114e-36
0.199512,3.319928e-36
0.199756,3.046669e-36
0.200000,2.717114e-36
0.200244,2.332877e-36
0.200488,1.896428e-36
0.200733,1.411106e-36
0.200977,8.811197e-37
0.201221,3.115399e-37
0.201465,-2.917292e-37
0.201709,-9.219852e-37
0.201954,-1.571779e-36
0.202198,-2.232980e-36
0.202442,-2.896856e-36
0.202686,-3.554159e-36
0.202930,-4.195237e-36
0.203175,-4.810146e-36
0.203419,-5.388775e-36
0.203663,-5.920987e-36
0.203907,-6.396759e-36
0.204151,-6.806336e-36
0.204396,-7.140387e-36
0.204640,-7.390161e-36
0.204884,-7.547647e-36
0.205128,-7.605734e-36
0.205372,-7.558359e-36
0.205617,-7.400659e-36
0.205861,-7.129103e-36
0.206105,-6.741619e-36
0.206349,-6.237708e-36
0.206593,-5.618533e-36
0.206838,-4.886998e-36
0.207082,-4.047799e-36
0.207326,-3.107455e-36
0.207570,-2.074314e-36
0.207814,-9.585274e-37
0.208059,2.279949e-37
0.208303,1.471668e-36
0.208547,2.757337e-36
0.208791,4.068417e-36
0.209035,5.387059e-36
0.209280,6.694345e-36
0.209524,7.970509e-36
0.209768,9.195187e-36
0.210012,1.034768e-35
0.210256,1.140726e-35
0.210501,1.235347e-35
0.210745,1.316641e-35
0.210989,1.382713e-35
0.211233,1.431792e-35
0.211477,1.462267e-35
0.211722,1.472716e-35
0.211966,1.461942e-35
0.212210,1.429002e-35
0.212454,1.373234e-35
0.212698,1.294282e-35
0.212943,1.192123e-35
0.213187,1.067077e-35
0.213431,9.198298e-36
0.213675,7.514354e-36
0.213919,5.633250e-36
0.214164,3.573033e-36
0.214408,1.355423e-36
0.214652,-9.943203e-37
0.214896,-3.447591e-36
0.215140,-5.972689e-36
0.215385,-8.535139e-36
0.215629,-1.109807e-35
0.215873,-1.362263e-35
0.216117,-1.606853e-35
0.216361,-1.839450e-35
0.216606,-2.055895e-35
0.216850,-2.252056e-35
0.217094,-2.423892e-35
0.217338,-2.567524e-35
0.217582,-2.679299e-35
0.217827,-2.755865e-35
0.218071,-2.794232e-35
0.218315,-2.791845e-35
0.218559,-2.746644e-35
0.218803,-2.657120e-35
0.219048,-2.522375e-35
0.219292,-2.342164e-35
0.219536,-2.116935e-35
0.219780,-1.847863e-35
0.220024,-1.536865e-35
0.220269,-1.186613e-35
0.220513,-8.005358e-36
0.220757,-3.827992e-36
0.221001,6.171366e-37
0.221245,5.274439e-36
0.221490,1.008207e-35
0.221734,1.497258e-35
0.221978,1.987367e-35
0.222222,2.470906e-35
0.222466,2.939954e-35
0.222711,3.386400e-35
0.222955,3.802067e-35
0.223199,4.178836e-35
0.223443,4.508780e-35
0.223687,4.784299e-35
0.223932,4.998262e-35
0.224176,5.144143e-35
0.224420,5.216160e-35
0.224664,5.209407e-35
0.224908,5.119979e-35
0.225153,4.945091e-35
0.225397,4.683180e-35
0.225641,4.333995e-35
0.225885,3.898676e-35
0.226129,3.379805e-35
0.226374,2.781442e-35
0.226618,2.109143e-35
0.226862,1.369942e-35
0.227106,5.723218e-36
0.227350,-2.738479e-36
0.227595,-1.157399e-35
0.227839,-2.065976e-35
0.228083,-2.986177e-35
0.228327,-3.903710e-35
0.228571,-4.803590e-35
0.228816,-5.670337e-35
0.229060,-6.488210e-35
0.229304,-7.241451e-35
0.229548,-7.914538e-35
0.229792,-8.492461e-35
0.230037,-8.960989e-35
0.230281,-9.306951e-35
0.230525,-9.518508e-35
0.230769,-9.585418e-35
0.231013,-9.499294e-35
0.231258,-9.253839e-35
0.231502,-8.845060e-35
0.231746,-8.271459e-35
0.231990,-7.534188e-35
0.232234,-6.637172e-35
0.232479,-5.587189e-35
0.232723,-4.393907e-35
0.232967,-3.069877e-35
0.233211,-1.630473e-35
0.233455,-9.378461e-37
0.233700,1.519541e-35
0.233944,3.186516e-35
0.234188,4.882070e-35
0.234432,6.579366e-35
0.234676,8.250157e-35
0.234921,9.865192e-35
0.235165,1.139465e-34
0.235409,1.280863e-34
0.235653,1.407763e-34
0.235897,1.517310e-34
0.236142,1.606793e-34
0.236386,1.673705e-34
0.236630,1.715790e-34
0.236874,1.731099e-34
0.237118,1.718037e-34
0.237363,1.675411e-34
0.237607,1.602469e-34
0.237851,1.498938e-34
0.238095,1.365052e-34
0.238339,1.201575e-34
0.238584,1.009819e-34
0.238828,7.916436e-35
0.239072,5.494587e-35
0.239316,2.862081e-35
0.239560,5.347866e-37
0.239805,-2.891869e-35
0.240049,-5.930251e-35
0.240293,-9.014127e-35
0.240537,-1.209275e-34
0.240781,-1.511289e-34
0.241026,-1.801961e-34
0.241270,-2.075715e-34
0.241514,-2.326987e-34
0.241758,-2.550319e-34
0.242002,-2.740462e-34
0.242247,-2.892480e-34
0.242491,-3.001850e-34
0.242735,-3.064565e-34
0.242979,-3.077228e-34
0.243223,-3.037150e-34
0.243468,-2.942425e-34
0.243712,-2.792012e-34
0.243956,-2.585794e-34
0.244200,-2.324629e-34
0.244444,-2.010386e-34
0.244689,-1.645962e-34
0.244933,-1.235288e-34
0.245177,-7.833082e-35
0.245421,-2.959486e-35
0.245665,2.199410e-35
0.245910,7.566592e-35
0.246154,1.305747e-34
0.246398,1.858099e-34
0.246642,2.404095e-34
0.246886,2.933742e-34
0.247131,3.436835e-34
0.247375,3.903133e-34
0.247619,4.322536e-34
0.247863,4.685275e-34
0.248107,4.982107e-34
0.248352,5.204505e-34
0.248596,5.344853e-34
0.248840,5.396627e-34
0.249084,5.354570e-34
0.249328,5.214853e-34
0.249573,4.975217e-34
0.249817,4.635093e-34
0.250061,4.195703e-34
0.250305,3.660127e-34
0.250549,3.033341e-34
0.250794,2.322226e-34
0.251038,1.535540e-34
0.251282,6.838500e-35
0.251526,-2.205627e-35
0.251770,-1.163844e-34
0.252015,-2.130739e-34
0.252259,-3.104801e-34
0.252503,-4.068632e-34
0.252747,-5.004155e-34
0.252991,-5.892912e-34
0.253236,-6.716385e-34
0.253480,-7.456334e-34
0.253724,-8.095149e-34
0.253968,-8.616211e-34
0.254212,-9.004242e-34
0.254457,-9.245667e-34
0.254701,-9.328944e-34
0.254945,-9.244887e-34
0.255189,-8.986956e-34
0.255433,-8.551512e-34
0.255678,-7.938032e-34
0.255922,-7.149280e-34
0.256166,-6.191418e-34
0.256410,-5.074067e-34
0.256654,-3.810298e-34
0.256899,-2.416566e-34
0.257143,-9.125682e-35
0.257387,6.789578e-35
0.257631,2.332512e-34
0.257875,4.020171e-34
0.258120,5.711993e-34
0.258364,7.376479e-34
0.258608,8.981095e-34
0.258852,1.049283e-33
0.259096,1.187880e-33
0.259341,1.310688e-33
0.259585,1.414635e-33
0.259829,1.496856e-33
0.260073,1.554755e-33
0.260317,1.586072e-33
0.260562,1.588941e-33
0.260806,1.561946e-33
0.261050,1.504168e-33
0.261294,1.415233e-33
0.261538,1.295343e-33
0.261783,1.145301e-33
0.262027,9.665256e-34
0.262271,7.610571e-34
0.262515,5.315471e-34
0.262759,2.812386e-34
0.263004,1.393311e-35
0.263248,-2.660547e-34
0.263492,-5.539549e-34
0.263736,-8.446118e-34
0.263980,-1.132565e-33
0.264225,-1.412139e-33
0.264469,-1.677544e-33
0.264713,-1.922984e-33
0.264957,-2.142764e-33
0.265201,-2.331414e-33
0.265446,-2.483801e-33
0.265690,-2.595247e-33
0.265934,-2.661647e-33
0.266178,-2.679573e-33
0.266422,-2.646377e-33
0.266667,-2.560284e-33
0.266911,-2.420468e-33
0.267155,-2.227115e-33
0.267399,-1.981471e-33
0.267643,-1.685868e-33
0.267888,-1.343738e-33
0.268132,-9.595919e-34
0.268376,-5.389878e-34
0.268620,-8.847341e-35
0.268864,3.844960e-34
0.269109,8.716604e-34
0.269353,1.364079e-33
0.269597,1.852274e-33
0.269841,2.326395e-33
0.270085,2.776394e-33
0.270330,3.192217e-33
0.270574,3.564007e-33
0.270818,3.882309e-33
0.271062,4.138278e-33
0.271306,4.323889e-33
0.271551,4.432138e-33
0.271795,4.457233e-33
0.272039,4.394769e-33
0.272283,4.241886e-33
0.272527,3.997406e-33
0.272772,3.661934e-33
0.273016,3.237937e-33
0.273260,2.729785e-33
0.273504,2.143756e-33
0.273748,1.488005e-33
0.273993,7.724854e-34
0.274237,8.839179e-36
0.274481,-7.897577e-34
0.274725,-1.608789e-33
0.274969,-2.432628e-33
0.275214,-3.244804e-33
0.275458,-4.028292e-33
0.275702,-4.765841e-33
0.275946,-5.440312e-33
0.276190,-6.035036e-33
0.276435,-6.534177e-33
0.276679,-6.923103e-33
0.276923,-7.188742e-33
0.277167,-7.319928e-33
0.277411,-7.307724e-33
0.277656,-7.145718e-33
0.277900,-6.830277e-33
0.278144,-6.360755e-33
0.278388,-5.739658e-33
0.278632,-4.972739e-33
0.278877,-4.069042e-33
0.279121,-3.040874e-33
0.279365,-1.903704e-33
0.279609,-6.759968e-34
0.279853,6.210234e-34
0.280098,1.963686e-33
0.280342,3.326247e-33
0.280586,4.681327e-33
0.280830,6.000408e-33
0.281074,7.254370e-33
0.281319,8.414079e-33
0.281563,9.450992e-33
0.281807,1.033779e-32
0.282051,1.104902e-32
0.282295,1.156171e-32
0.282540,1.185595e-32
0.282784,1.191554e-32
0.283028,1.172841e-32
0.283272,1.128716e-32
0.283516,1.058938e-32
0.283761,9.637988e-33
0.284005,8.441404e-33
0.284249,7.013631e-33
0.284493,5.374240e-33
0.284737,3.548214e-33
0.284982,1.565677e-33
0.285226,-5.385003e-34
0.285470,-2.725218e-33
0.285714,-4.951780e-33
0.285958,-7.172635e-33
0.286203,-9.340219e-33
0.286447,-1.140587e-32
0.286691,-1.332085e-32
0.286935,-1.503733e-32
0.287179,-1.650954e-32
0.287424,-1.769479e-32
0.287668,-1.855458e-32
0.287912,-1.905561e-32
0.288156,-1.917076e-32
0.288400,-1.887998e-32
0.288645,-1.817102e-32
0.288889,-1.704014e-32
0.289133,-1.549255e-32
0.289377,-1.354272e-32
0.289621,-1.121453e-32
0.289866,-8.541197e-33
0.290110,-5.564986e-33
0.290354,-2.336721e-33
0.290598,1.084916e-33
0.290842,4.634295e-33
0.291087,8.239945e-33
0.291331,1.182584e-32
0.291575,1.531286e-32
0.291819,1.862038e-32
0.292063,2.166796e-32
0.292308,2.437714e-32
0.292552,2.667326e-32
0.292796,2.848729e-32
0.293040,2.975762e-32
0.293284,3.043177e-32
0.293529,3.046801e-32
0.293773,2.983674e-32
0.294017,2.852179e-32
0.294261,2.652137e-32
0.294505,2.384879e-32
0.294750,2.053292e-32
0.294994,1.661823e-32
0.295238,1.216456e-32
0.295482,7.246522e-33
0.295726,1.952502e-33
0.295971,-3.616644e-33
0.296215,-9.349273e-33
0.296459,-1.512495e-32
0.296703,-2.081673e-32
0.296947,-2.629372e-32
0.297192,-3.142381e-32
0.297436,-3.607662e-32
0.297680,-4.012652e-32
0.297924,-4.345566e-32
0.298168,-4.595702e-32
0.298413,-4.753735e-32
0.298657,-4.811990e-32
0.298901,-4.764696e-32
0.299145,-4.608204e-32
0.299389,-4.341172e-32
0.299634,-3.964702e-32
0.299878,-3.482429e-32
0.300122,-2.900558e-32
0.300366,-2.227843e-32
0.300611,-1.475505e-32
0.300855,-6.570922e-33
0.301099,2.117215e-33
0.301343,1.113397e-32
0.301587,2.028843e-32
0.301832,2.937784e-32
0.302076,3.819170e-32
0.302320,4.651625e-32
0.302564,5.413922e-32
0.302808,6.085482e-32
0.303053,6.646878e-32
0.303297,7.080334e-32
0.303541,7.370220e-32
0.303785,7.503509e-32
0.304029,7.470197e-32
0.304274,7.263682e-32
0.304518,6.881073e-32
0.304762,6.323426e-32
0.305006,5.595908e-32
0.305250,4.707864e-32
0.305495,3.672792e-32
0.305739,2.508226e-32
0.305983,1.235505e-32
0.306227,-1.205420e-33
0.306471,-1.532020e-32
0.306716,-2.968481e-32
0.306960,-4.397515e-32
0.307204,-5.785427e-32
0.307448,-7.097964e-32
0.307692,-8.301100e-32
0.307937,-9.361846e-32
0.308181,-1.024907e-31
0.308425,-1.093434e-31
0.308669,-1.139269e-31
0.308913,-1.160337e-31
0.309158,-1.155059e-31
0.309402,-1.122402e-31
0.309646,-1.061940e-31
0.309890,-9.738830e-32
0.310134,-8.591057e-32
0.310379,-7.191564e-32
0.310623,-5.562507e-32
0.310867,-3.732497e-32
0.311111,-1.736206e-32
0.311355,3.861730e-33
0.311600,2.589645e-32
0.311844,4.825265e-32
0.312088,7.041132e-32
0.312332,9.183498e-32
0.312576,1.119798e-31
0.312821,1.303082e-31
0.313065,1.463025e-31
0.313309,1.594778e-31
0.313553,1.693955e-31
0.313797,1.756758e-31
0.314042,1.780098e-31
0.314286,1.761700e-31
0.314530,1.700196e-31
0.314774,1.595201e-31
0.315018,1.447363e-31
0.315263,1.258399e-31
0.315507,1.031098e-31
0.315751,7.693049e-32
0.315995,4.778733e-32
0.316239,1.625924e-32
0.316484,-1.699106e-32
0.316728,-5.122953e-32
0.316972,-8.566553e-32
0.317216,-1.194686e-31
0.317460,-1.517869e-31
0.317705,-1.817675e-31
0.317949,-2.085769e-31
0.318193,-2.314225e-31
0.318437,-2.495743e-31
0.318681,-2.623852e-31
0.318926,-2.693110e-31
0.319170,-2.699286e-31
0.319414,-2.639515e-31
0.319658,-2.512437e-31
0.319902,-2.318291e-31
0.320147,-2.058988e-31
0.320391,-1.738134e-31
0.320635,-1.361020e-31
0.320879,-9.345649e-32
0.321123,-4.672154e-32
0.321368,3.119322e-33
0.321612,5.496220e-32
0.321856,1.076049e-31
0.322100,1.597726e-31
0.322344,2.101464e-31
0.322589,2.573945e-31
0.322833,3.002051e-31
0.323077,3.373198e-31
0.323321,3.675680e-31
0.323565,3.899002e-31
0.323810,4.034198e-31
0.324054,4.074124e-31
0.324298,4.013722e-31
0.324542,3.850240e-31
0.324786,3.583403e-31
0.325031,3.215533e-31
0.325275,2.751606e-31
0.325519,2.199243e-31
0.325763,1.568633e-31
0.326007,8.723927e-32
0.326252,1.253525e-32
0.326496,-6.557243e-32
0.326740,-1.452481e-31
0.326984,-2.245364e-31
0.327228,-3.014072e-31
0.327473,-3.738035e-31
0.327717,-4.396937e-31
0.327961,-4.971240e-31
0.328205,-5.442725e-31
0.328449,-5.795011e-31
0.328694,-6.014067e-31
0.328938,-6.088666e-31
0.329182,-6.010808e-31
0.329426,-5.776059e-31
0.329670,-5.383834e-31
0.329915,-4.837572e-31
0.330159,-4.144834e-31
0.330403,-3.317281e-31
0.330647,-2.370562e-31
0.330891,-1.324078e-31
0.331136,-2.006483e-32
0.331380,9.739349e-32
0.331624,2.171442e-31
0.331868,3.361833e-31
0.332112,4.513964e-31
0.332357,5.596347e-31
0.332601,6.577955e-31
0.332845,7.429058e-31
0.333089,8.122049e-31
0.333333,8.632269e-31
0.333578,8.938775e-31
0.333822,9.025056e-31
0.334066,8.879660e-31
0.334310,8.496716e-31
0.334554,7.876334e-31
0.334799,7.024862e-31
0.335043,5.954995e-31
0.335287,4.685718e-31
0.335531,3.242076e-31
0.335775,1.654781e-31
0.336020,-4.035563e-33
0.336264,-1.803144e-31
0.336508,-3.589896e-31
0.336752,-5.354426e-31
0.336996,-7.049170e-31
0.337241,-8.626395e-31
0.337485,-1.003945e-30
0.337729,-1.124407e-30
0.337973,-1.219965e-30
0.338217,-1.287050e-30
0.338462,-1.322697e-30
0.338706,-1.324658e-30
0.338950,-1.291487e-30
0.339194,-1.222616e-30
0.339438,-1.118408e-30
0.339683,-9.801870e-31
0.339927,-8.102468e-31
0.340171,-6.118275e-31
0.340415,-3.890719e-31
0.340659,-1.469520e-31
0.340904,1.088290e-31
0.341148,3.719591e-31
0.341392,6.356618e-31
0.341636,8.928593e-31
0.341880,1.136351e-30
0.342125,1.359003e-30
0.342369,1.553947e-30
0.342613,1.714774e-30
0.342857,1.835731e-30
0.343101,1.911907e-30
0.343346,1.939400e-30
0.343590,1.915468e-30
0.343834,1.838655e-30
0.344078,1.708886e-30
0.344322,1.527525e-30
0.344567,1.297403e-30
0.344811,1.022803e-30
0.345055,7.094043e-31
0.345299,3.641859e-31
0.345543,-4.708371e-33
0.345788,-3.881446e-31
0.346032,-7.762075e-31
0.346276,-1.158440e-30
0.346520,-1.524110e-30
0.346764,-1.862490e-30
0.347009,-2.163163e-30
0.347253,-2.416312e-30
0.347497,-2.613028e-30
0.347741,-2.745590e-30
0.347985,-2.807730e-30
0.348230,-2.794872e-30
0.348474,-2.704327e-30
0.348718,-2.535453e-30
0.348962,-2.289757e-30
0.349206,-1.970943e-30
0.349451,-1.584908e-30
0.349695,-1.139665e-30
0.349939,-6.452086e-31
0.350183,-1.133256e-31
0.350427,4.426650e-31
0.350672,1.008218e-30
0.350916,1.567918e-30
0.351160,2.105876e-30
0.351404,2.606156e-30
0.351648,3.053220e-30
0.351893,3.432385e-30
0.352137,3.730272e-30
0.352381,3.935238e-30
0.352625,4.037778e-30
0.352869,4.030886e-30
0.353114,3.910357e-30
0.353358,3.675026e-30
0.353602,3.326928e-30
0.353846,2.871373e-30
0.354090,2.316940e-30
0.354335,1.675363e-30
0.354579,9.613331e-31
0.354823,1.922071e-31
0.355067,-6.123798e-31
0.355311,-1.430976e-30
0.355556,-2.240852e-30
0.355800,-3.018594e-30
0.356044,-3.740748e-30
0.356288,-4.384487e-30
0.356532,-4.928298e-30
0.356777,-5.352647e-30
0.357021,-5.640626e-30
0.357265,-5.778554e-30
0.357509,-5.756498e-30
0.357753,-5.568722e-30
0.357998,-5.214024e-30
0.358242,-4.695961e-30
0.358486,-4.022950e-30
0.358730,-3.208219e-30
0.358974,-2.269629e-30
0.359219,-1.229353e-30
0.359463,-1.134068e-31
0.359707,1.048944e-30
0.359951,2.225898e-30
0.360195,3.383939e-30
0.360440,4.488737e-30
0.360684,5.506122e-30
0.360928,6.403078e-30
0.361172,7.148764e-30
0.361416,7.715496e-30
0.361661,8.079698e-30
0.361905,8.222753e-30
0.362149,8.131761e-30
0.362393,7.800151e-30
0.362637,7.228136e-30
0.362882,6.422990e-30
0.363126,5.399121e-30
0.363370,4.177949e-30
0.363614,2.787558e-30
0.363858,1.262146e-30
0.364103,-3.587322e-31
0.364347,-2.031115e-30
0.364591,-3.707749e-30
0.364835,-5.339356e-30
0.365079,-6.876007e-30
0.365324,-8.268578e-30
0.365568,-9.470242e-30
0.365812,-1.043795e-29
0.366056,-1.113388e-29
0.366300,-1.152676e-29
0.366545,-1.159308e-29
0.366789,-1.131811e-29
0.367033,-1.069669e-29
0.367277,-9.733815e-30
0.367521,-8.444839e-30
0.367766,-6.855490e-30
0.368010,-5.001507e-30
0.368254,-2.927975e-30
0.368498,-6.883587e-31
0.368742,1.656763e-30
0.368987,4.041228e-30
0.369231,6.395057e-30
0.369475,8.646402e-30
0.369719,1.072364e-29
0.369963,1.255754e-29
0.370208,1.408347e-29
0.370452,1.524351e-29
0.370696,1.598849e-29
0.370940,1.627985e-29
0.371184,1.609123e-29
0.371429,1.540976e-29
0.371673,1.423700e-29
0.371917,1.258951e-29
0.372161,1.049890e-29
0.372405,8.011512e-30
0.372650,5.187609e-30
0.372894,2.100081e-30
0.373138,-1.167260e-30
0.373382,-4.521803e-30
0.373626,-7.864614e-30
0.373871,-1.109322e-29
0.374115,-1.410458e-29
0.374359,-1.679828e-29
0.374603,-1.907966e-29
0.374847,-2.086300e-29
0.375092,-2.207449e-29
0.375336,-2.265501e-29
0.375580,-2.256253e-29
0.375824,-2.177410e-29
0.376068,-2.028731e-29
0.376313,-1.812123e-29
0.376557,-1.531663e-29
0.376801,-1.193564e-29
0.377045,-8.060664e-30
0.377289,-3.792610e-30
0.377534,7.514565e-31
0.377778,5.441332e-30
0.378022,1.013719e-29
0.378266,1.469355e-29
0.378510,1.896359e-29
0.378755,2.280366e-29
0.378999,2.607791e-29
0.379243,2.866285e-29
0.379487,3.045168e-29
0.379731,3.135833e-29
0.379976,3.132098e-29
0.380220,3.030495e-29
0.380464,2.830487e-29
0.380708,2.534606e-29
0.380952,2.148490e-29
0.381197,1.680832e-29
0.381441,1.143227e-29
0.381685,5.499244e-30
0.381929,-8.252139e-31
0.382173,-7.356783e-30
0.382418,-1.389746e-29
0.382662,-2.024130e-29
0.382906,-2.618058e-29
0.383150,-3.151238e-29
0.383394,-3.604516e-29
0.383639,-3.960531e-29
0.383883,-4.204339e-29
0.384127,-4.323984e-29
0.384371,-4.310995e-29
0.384615,-4.160796e-29
0.384860,-3.873006e-29
0.385104,-3.451615e-29
0.385348,-2.905029e-29
0.385592,-2.245978e-29
0.385836,-1.491276e-29
0.386081,-6.614441e-30
0.386325,2.198031e-30
0.386569,1.126191e-29
0.386813,2.029630e-29
0.387057,2.901048e-29
0.387302,3.711286e-29
0.387546,4.432038e-29
0.387790,5.036793e-29
0.388034,5.501763e-29
0.388278,5.806761e-29
0.388523,5.935991e-29
0.388767,5.878731e-29
0.389011,5.629885e-29
0.389255,5.190360e-29
0.389499,4.567278e-29
0.389744,3.773985e-29
0.389988,2.829859e-29
0.390232,1.759919e-29
0.390476,5.942239e-30
0.390720,-6.329041e-30
0.390965,-1.883837e-29
0.391209,-3.118742e-29
0.391453,-4.296792e-29
0.391697,-5.377470e-29
0.391941,-6.321901e-29
0.392186,-7.094196e-29
0.392430,-7.662741e-29
0.392674,-8.001400e-29
0.392918,-8.090593e-29
0.393162,-7.918186e-29
0.393407,-7.480185e-29
0.393651,-6.781180e-29
0.393895,-5.834530e-29
0.394139,-4.662256e-29
0.394383,-3.294653e-29
0.394628,-1.769605e-29
0.394872,-1.316291e-30
0.395116,1.569347e-29
0.395360,3.279429e-29
0.395604,4.942392e-29
0.395849,6.501457e-29
0.396093,7.901158e-29
0.396337,9.089238e-29
0.396581,1.001851e-28
0.396825,1.064863e-28
0.397070,1.094769e-28
0.397314,1.089364e-28
0.397558,1.047536e-28
0.397802,9.693509e-29
0.398046,8.560882e-29
0.398291,7.102509e-29
0.398535,5.355258e-29
0.398779,3.367052e-29
0.399023,1.195688e-29
0.399267,-1.092731e-29
0.399512,-3.425703e-29
0.399756,-5.726521e-29
0.400000,-7.916701e-29
0.400244,-9.918564e-29
0.400488,-1.165788e-28
0.400733,-1.306653e-28
0.400977,-1.408500e-28
0.401221,-1.466478e-28
0.401465,-1.477039e-28
0.401709,-1.438109e-28
0.401954,-1.349213e-28
0.402198,-1.211556e-28
0.402442,-1.028039e-28
0.402686,-8.032332e-29
0.402930,-5.432808e-29
0.403175,-2.557485e-29
0.403419,5.057751e-30
0.403663,3.659453e-29
0.403907,6.799340e-29
0.404151,9.817847e-29
0.404396,1.260756e-28
0.404640,1.506494e-28
0.404884,1.709401e-28
0.405128,1.860992e-28
0.405372,1.954231e-28
0.405617,1.983827e-28
0.405861,1.946482e-28
0.406105,1.841077e-28
0.406349,1.668797e-28
0.406593,1.433173e-28
0.406838,1.140053e-28
0.407082,7.974805e-29
0.407326,4.155048e-29
0.407570,5.905076e-31
0.407814,-4.181519e-29
0.408059,-8.425166e-29
0.408303,-1.252511e-28
0.408547,-1.633418e-28
0.408791,-1.970995e-28
0.409035,-2.251982e-28
0.409280,-2.464605e-28
0.409524,-2.599040e-28
0.409768,-2.647829e-28
0.410012,-2.606230e-28
0.410256,-2.472482e-28
0.410501,-2.247979e-28
0.410745,-1.937341e-28
0.410989,-1.548367e-28
0.411233,-1.091887e-28
0.411477,-5.814872e-29
0.411722,-3.314203e-30
0.411966,5.352637e-29
0.412210,1.104491e-28
0.412454,1.654574e-28
0.412698,2.165499e-28
0.412943,2.617905e-28
0.413187,2.993796e-28
0.413431,3.277226e-28
0.413675,3.454938e-28
0.413919,3.516934e-28
0.414164,3.456949e-28
0.414408,3.272815e-28
0.414652,2.966683e-28
0.414896,2.545112e-28
0.415140,2.018997e-28
0.415385,1.403338e-28
0.415629,7.168629e-29
0.415873,-1.850870e-30
0.416117,-7.783254e-29
0.416361,-1.536386e-28
0.416606,-2.265612e-28
0.416850,-2.938981e-28
0.417094,-3.530501e-28
0.417338,-4.016176e-28
0.417582,-4.374940e-28
0.417827,-4.589523e-28
0.418071,-4.647208e-28
0.418315,-4.540458e-28
0.418559,-4.267373e-28
0.418803,-3.831968e-28
0.419048,-3.244247e-28
0.419292,-2.520053e-28
0.419536,-1.680720e-28
0.419780,-7.524926e-29
0.420024,2.342357e-29
0.420269,1.245876e-28
0.420513,2.246744e-28
0.420757,3.200274e-28
0.421001,4.070318e-28
0.421245,4.822472e-28
0.421490,5.425389e-28
0.421734,5.852034e-28
0.421978,6.080820e-28
0.422222,6.096598e-28
0.422466,5.891439e-28
0.422711,5.465189e-28
0.422955,4.825755e-28
0.423199,3.989106e-28
0.423443,2.978984e-28
0.423687,1.826317e-28
0.423932,5.683395e-29
0.424176,-7.525408e-29
0.424420,-2.090114e-28
0.424664,-3.395930e-28
0.424908,-4.620997e-28
0.425153,-5.717570e-28
0.425397,-6.640951e-28
0.425641,-7.351247e-28
0.425885,-7.815018e-28
0.426129,-8.006741e-28
0.426374,-7.910044e-28
0.426618,-7.518632e-28
0.426862,-6.836891e-28
0.427106,-5.880104e-28
0.427350,-4.674278e-28
0.427595,-3.255560e-28
0.427839,-1.669262e-28
0.428083,3.149824e-30
0.428327,1.787493e-28
0.428571,3.535373e-28
0.428816,5.209879e-28
0.429060,6.746212e-28
0.429304,8.082465e-28
0.429548,9.162041e-28
0.429792,9.935961e-28
0.430037,1.036497e-27
0.430281,1.042134e-27
0.430525,1.009035e-27
0.430769,9.371277e-28
0.431013,8.277920e-28
0.431258,6.838616e-28
0.431502,5.095678e-28
0.431746,3.104302e-28
0.431990,9.309435e-29
0.432234,-1.348787e-28
0.432479,-3.652653e-28
0.432723,-5.894668e-28
0.432967,-7.988207e-28
0.433211,-9.849265e-28
0.433455,-1.139973e-27
0.433700,-1.257055e-27
0.433944,-1.330468e-27
0.434188,-1.355965e-27
0.434432,-1.330974e-27
0.434676,-1.254747e-27
0.434921,-1.128463e-27
0.435165,-9.552422e-28
0.435409,-7.400987e-28
0.435653,-4.898174e-28
0.435897,-2.127552e-28
0.436142,8.142234e-29
0.436386,3.820647e-28
0.436630,6.779095e-28
0.436874,9.574923e-28
0.437118,1.209579e-27
0.437363,1.423606e-27
0.437607,1.590108e-27
0.437851,1.701119e-27
0.438095,1.750535e-27
0.438339,1.734412e-27
0.438584,1.651191e-27
0.438828,1.501848e-27
0.439072,1.289935e-27
0.439316,1.021543e-27
0.439560,7.051499e-28
0.439805,3.513740e-28
0.440049,-2.735844e-29
0.440293,-4.172338e-28
0.440537,-8.035385e-28
0.440781,-1.171198e-27
0.441026,-1.505351e-27
0.441270,-1.791934e-27
0.441514,-2.018254e-27
0.441758,-2.173535e-27
0.442002,-2.249401e-27
0.442247,-2.240284e-27
0.442491,-2.143744e-27
0.442735,-1.960669e-27
0.442979,-1.695356e-27
0.443223,-1.355459e-27
0.443468,-9.518091e-28
0.443712,-4.980972e-28
0.443956,-1.043556e-29
0.444200,4.931907e-28
0.444444,9.935654e-28
0.444689,1.470955e-27
0.444933,1.905866e-27
0.445177,2.279824e-27
0.445421,2.576133e-27
0.445665,2.780598e-27
0.445910,2.882169e-27
0.446154,2.873488e-27
0.446398,2.751306e-27
0.446642,2.516749e-27
0.446886,2.175429e-27
0.447131,1.737371e-27
0.447375,1.216767e-27
0.447619,6.315576e-28
0.447863,2.842674e-30
0.448107,-6.458456e-28
0.448352,-1.289398e-27
0.448596,-1.902075e-27
0.448840,-2.458511e-27
0.449084,-2.934738e-27
0.449328,-3.309190e-27
0.449573,-3.563651e-27
0.449817,-3.684090e-27
0.450061,-3.661372e-27
0.450305,-3.491784e-27
0.450549,-3.177373e-27
0.450794,-2.726057e-27
0.451038,-2.151505e-27
0.451282,-1.472787e-27
0.451526,-7.137842e-28
0.451770,9.760572e-29
0.452015,9.304567e-28
0.452259,1.751959e-27
0.452503,2.528681e-27
0.452747,3.227895e-27
0.452991,3.818925e-27
0.453236,4.274458e-27
0.453480,4.571760e-27
0.453724,4.693753e-27
0.453968,4.629900e-27
0.454212,4.376845e-27
0.454457,3.938799e-27
0.454701,3.327620e-27
0.454945,2.562586e-27
0.455189,1.669861e-27
0.455433,6.816617e-28
0.455678,-3.648568e-28
0.455922,-1.428948e-27
0.456166,-2.467819e-27
0.456410,-3.438311e-27
0.456654,-4.298651e-27
0.456899,-5.010209e-27
0.457143,-5.539184e-27
0.457387,-5.858152e-27
0.457631,-5.947403e-27
0.457875,-5.796011e-27
0.458120,-5.402568e-27
0.458364,-4.775566e-27
0.458608,-3.933374e-27
0.458852,-2.903811e-27
0.459096,-1.723312e-27
0.459341,-4.357109e-28
0.459585,9.093220e-28
0.459829,2.258140e-27
0.460073,3.555206e-27
0.460317,4.745329e-27
0.460562,5.775961e-27
0.460806,6.599462e-27
0.461050,7.175242e-27
0.461294,7.471674e-27
0.461538,7.467706e-27
0.461783,7.154091e-27
0.462027,6.534151e-27
0.462271,5.624063e-27
0.462515,4.452601e-27
0.462759,3.060355e-27
0.463004,1.498424e-27
0.463248,-1.733724e-28
0.463492,-1.888712e-27
0.463736,-3.577327e-27
0.463980,-5.167819e-27
0.464225,-6.590617e-27
0.464469,-7.780950e-27
0.464713,-8.681727e-27
0.464957,-9.246188e-27
0.465201,-9.440202e-27
0.465446,-9.244125e-27
0.465690,-8.654092e-27
0.465934,-7.682701e-27
0.466178,-6.359017e-27
0.466422,-4.727883e-27
0.466667,-2.848540e-27
0.466911,-7.925926e-28
0.467155,1.358620e-27
0.467399,3.517148e-27
0.467643,5.591945e-27
0.467888,7.492627e-27
0.468132,9.133332e-27
0.468376,1.043651e-26
0.468620,1.133649e-26
0.468864,1.178267e-26
0.469109,1.174213e-26
0.469353,1.120164e-26
0.469597,1.016885e-26
0.469841,8.672620e-27
0.470085,6.762510e-27
0.470330,4.507298e-27
0.470574,1.992672e-27
0.470818,-6.818907e-28
0.471062,-3.406947e-27
0.471306,-6.067452e-27
0.471551,-8.547520e-27
0.471795,-1.073537e-26
0.472039,-1.252827e-26
0.472283,-1.383721e-26
0.472527,-1.459125e-26
0.472772,-1.474106e-26
0.473016,-1.426182e-26
0.473260,-1.315501e-26
0.473504,-1.144926e-26
0.473748,-9.199922e-27
0.473993,-6.487548e-27
0.474237,-3.415229e-27
0.474481,-1.048324e-28
0.474725,3.307674e-27
0.474969,6.677672e-27
0.475214,9.857890e-27
0.475458,1.270472e-26
0.475702,1.508458e-26
0.475946,1.688002e-26
0.476190,1.799541e-26
0.476435,1.836171e-26
0.476679,1.794043e-26
0.476923,1.672617e-26
0.477167,1.474800e-26
0.477411,1.206924e-26
0.477656,8.785754e-27
0.477900,5.022840e-27
0.478144,9.306258e-28
0.478388,-3.321709e-27
0.478632,-7.552755e-27
0.478877,-1.157645e-26
0.479121,-1.521013e-26
0.479365,-1.828262e-26
0.479609,-2.064219e-26
0.479853,-2.216381e-26
0.480098,-2.275552e-26
0.480342,-2.236350e-26
0.480586,-2.097570e-26
0.480830,-1.862363e-26
0.481074,-1.538236e-26
0.481319,-1.136856e-26
0.481563,-6.736657e-27
0.481807,-1.673133e-27
0.482051,3.610699e-27
0.482295,8.887319e-27
0.482540,1.392259e-26
0.482784,1.848597e-26
0.483028,2.236086e-26
0.483272,2.535469e-26
0.483516,2.730828e-26
0.483761,2.810393e-26
0.484005,2.767198e-26
0.484249,2.599544e-26
0.484493,2.311236e-26
0.484737,1.911585e-26
0.484982,1.415163e-26
0.485226,8.413130e-27
0.485470,2.134302e-27
0.485714,-4.419617e-27
0.485958,-1.096304e-26
0.486203,-1.720224e-26
0.486447,-2.284829e-26
0.486691,-2.763022e-26
0.486935,-3.130778e-26
0.487179,-3.368320e-26
0.487424,-3.461144e-26
0.487668,-3.400835e-26
0.487912,-3.185635e-26
0.488156,-2.820727e-26
0.488400,-2.318216e-26
0.488645,-1.696794e-26
0.488889,-9.810934e-27
0.489133,-2.007551e-27
0.489377,6.107634e-27
0.489621,1.417590e-26
0.489866,2.182993e-26
0.490110,2.871027e-26
0.490354,3.448192e-26
0.490598,3.885033e-26
0.490842,4.157606e-26
0.491087,4.248742e-26
0.491331,4.149034e-26
0.491575,3.857504e-26
0.491819,3.381910e-26
0.492063,2.738648e-26
0.492308,1.952274e-26
0.492552,1.054623e-26
0.492796,8.356842e-28
0.493040,-9.185258e-27
0.493284,-1.906620e-26
0.493529,-2.834984e-26
0.493773,-3.659281e-26
0.494017,-4.338650e-26
0.494261,-4.837693e-26
0.494505,-5.128272e-26
0.494750,-5.191027e-26
0.494994,-5.016536e-26
0.495238,-4.606049e-26
0.495482,-3.971755e-26
0.495726,-3.136545e-26
0.495971,-2.133278e-26
0.496215,-1.003558e-26
0.496459,2.039322e-27
0.496703,1.435476e-26
0.496947,2.634668e-26
0.497192,3.744953e-26
0.497436,4.712251e-26
0.497680,5.487554e-26
0.497924,6.029352e-26
0.498168,6.305801e-26
0.498413,6.296495e-26
0.498657,5.993759e-26
0.498901,5.403393e-26
0.499145,4.544801e-26
0.499389,3.450489e-26
0.499634,2.164937e-26
0.499878,7.428700e-27
0.500122,-7.530013e-27
0.500366,-2.254686e-26
0.500611,-3.691950e-26
0.500855,-4.995546e-26
0.501099,-6.100506e-26
0.501343,-6.949319e-26
0.501587,-7.494867e-26
0.501832,-7.702953e-26
0.502076,-7.554296e-26
0.502320,-7.045886e-26
0.502564,-6.191604e-26
0.502808,-5.022072e-26
0.503053,-3.583693e-26
0.503297,-1.936926e-26
0.503541,-1.538303e-27
0.503785,1.685001e-26
0.504029,3.494019e-26
0.504274,5.186634e-26
0.504518,6.679300e-26
0.504762,7.895577e-26
0.505006,8.769977e-26
0.505250,9.251408e-26
0.505495,9.306029e-26
0.505739,8.919373e-26
0.505983,8.097604e-26
0.506227,6.867829e-26
0.506471,5.277415e-26
0.506716,3.392318e-26
0.506960,1.294467e-26
0.507204,-9.216924e-27
0.507448,-3.153362e-26
0.507692,-5.294077e-26
0.507937,-7.238711e-26
0.508181,-8.888571e-26
0.508425,-1.015632e-25
0.508669,-1.097053e-25
0.508913,-1.127956e-25
0.509158,-1.105463e-25
0.509402,-1.029188e-25
0.509646,-9.013287e-26
0.509890,-7.266320e-26
0.510134,-5.122420e-26
0.510379,-2.674221e-26
0.510623,-3.168543e-28
0.510867,2.682721e-26
0.511111,5.339604e-26
0.511355,7.808721e-26
0.511600,9.965274e-26
0.511844,1.169613e-25
0.512088,1.290567e-25
0.512332,1.352091e-25
0.512576,1.349577e-25
0.512821,1.281401e-25
0.513065,1.149096e-25
0.513309,9.573620e-26
0.513553,7.139317e-26
0.513797,4.292766e-26
0.514042,1.161748e-26
0.514286,-2.108481e-26
0.514530,-5.361806e-26
0.514774,-8.438593e-26
0.515018,-1.118342e-25
0.515263,-1.345280e-25
0.515507,-1.512263e-25
0.515751,-1.609478e-25
0.515995,-1.630267e-25
0.516239,-1.571550e-25
0.516484,-1.434071e-25
0.516728,-1.222476e-25
0.516972,-9.451916e-26
0.517216,-6.141180e-26
0.517460,-2.441389e-26
0.517705,1.475293e-26
0.517949,5.421229e-26
0.518193,9.202163e-26
0.518437,1.262666e-25
0.518681,1.551566e-25
0.518926,1.771173e-25
0.519170,1.908749e-25
0.519414,1.955280e-25
0.519658,1.906024e-25
0.519902,1.760874e-25
0.520147,1.524491e-25
0.520391,1.206206e-25
0.520635,8.196870e-26
0.520879,3.823760e-26
0.521123,-8.527200e-27
0.521368,-5.607291e-26
0.521612,-1.020462e-25
0.521856,-1.441083e-25
0.522100,-1.800522e-25
0.522344,-2.079174e-25
0.522589,-2.260949e-25
0.522833,-2.334175e-25
0.523077,-2.292315e-25
0.523321,-2.134431e-25
0.523565,-1.865391e-25
0.523810,-1.495788e-25
0.524054,-1.041561e-25
0.524298,-5.233431e-26
0.524542,3.444791e-27
0.524786,6.047389e-26
0.525031,1.159094e-25
0.525275,1.669115e-25
0.525519,2.107879e-25
0.525763,2.451341e-25
0.526007,2.679633e-25
0.526252,2.778187e-25
0.526496,2.738618e-25
0.526740,2.559324e-25
0.526984,2.245755e-25
0.527228,1.810325e-25
0.527473,1.271978e-25
0.527717,6.554011e-26
0.527961,-1.007366e-27
0.528205,-6.918396e-26
0.528449,-1.355587e-25
0.528694,-1.967009e-25
0.528938,-2.493555e-25
0.529182,-2.906140e-25
0.529426,-3.180734e-25
0.529670,-3.299725e-25
0.529915,-3.253000e-25
0.530159,-3.038667e-25
0.530403,-2.663380e-25
0.530647,-2.142227e-25
0.530891,-1.498187e-25
0.531136,-7.611612e-26
0.531380,3.337296e-27
0.531624,8.460407e-26
0.531868,1.635491e-25
0.532112,2.360477e-25
0.532357,2.981986e-25
0.532601,3.465313e-25
0.532845,3.781976e-25
0.533089,3.911354e-25
0.533333,3.841967e-25
0.533578,3.572322e-25
0.533822,3.111253e-25
0.534066,2.477749e-25
0.534310,1.700242e-25
0.534554,8.153801e-26
0.534799,-1.336507e-26
0.535043,-1.099198e-25
0.535287,-2.031502e-25
0.535531,-2.881233e-25
0.535775,-3.602070e-25
0.536020,-4.153201e-25
0.536264,-4.501599e-25
0.536508,-4.623957e-25
0.536752,-4.508164e-25
0.536996,-4.154243e-25
0.537241,-3.574672e-25
0.537485,-2.794061e-25
0.537729,-1.848191e-25
0.537973,-7.824344e-26
0.538217,3.503728e-26
0.538462,1.492505e-25
0.538706,2.584251e-25
0.538950,3.567003e-25
0.539194,4.386370e-25
0.539438,4.995152e-25
0.539683,5.356026e-25
0.539927,5.443769e-25
0.540171,5.246916e-25
0.540415,4.768725e-25
0.540659,4.027402e-25
0.540904,3.055525e-25
0.541148,1.898708e-25
0.541392,6.135231e-26
0.541636,-7.352055e-26
0.541880,-2.077623e-25
0.542125,-3.342417e-25
0.542369,-4.460573e-25
0.542613,-5.369096e-25
0.542857,-6.014522e-25
0.543101,-6.356018e-25
0.543346,-6.367884e-25
0.543590,-6.041321e-25
0.543834,-5.385346e-25
0.544078,-4.426774e-25
0.544322,-3.209256e-25
0.544567,-1.791382e-25
0.544811,-2.439407e-26
0.545055,1.353551e-25
0.545299,2.916880e-25
0.545543,4.361527e-25
0.545788,5.607196e-25
0.546032,6.582227e-25
0.546276,7.227676e-25
0.546520,7.500811e-25
0.546764,7.377830e-25
0.547009,6.855639e-25
0.547253,5.952550e-25
0.547497,4.707852e-25
0.547741,3.180238e-25
0.547985,1.445133e-25
0.548230,-4.089424e-26
0.548474,-2.284818e-25
0.548718,-4.081706e-25
0.548962,-5.700566e-25
0.549206,-7.049508e-25
0.549451,-8.048962e-25
0.549695,-8.636308e-25
0.549939,-8.769711e-25
0.550183,-8.430930e-25
0.550427,-7.626908e-25
0.550672,-6.390051e-25
0.550916,-4.777110e-25
0.551160,-2.866715e-25
0.551404,-7.556543e-26
0.551648,1.445943e-25
0.551893,3.620275e-25
0.552137,5.648103e-25
0.552381,7.415233e-25
0.552625,8.818886e-25
0.552869,9.773618e-25
0.553114,1.021643e-24
0.553358,1.011082e-24
0.553602,9.449406e-25
0.553846,8.255126e-25
0.554090,6.580715e-25
0.554335,4.506575e-25
0.554579,2.137052e-25
0.554823,-4.046978e-26
0.555067,-2.983014e-25
0.555311,-5.456890e-25
0.555556,-7.687615e-25
0.555800,-9.546479e-25
0.556044,-1.092214e-24
0.556288,-1.172721e-24
0.556532,-1.190369e-24
0.556777,-1.142691e-24
0.557021,-1.030775e-24
0.557265,-8.592924e-25
0.557509,-6.363274e-25
0.557753,-3.730168e-25
0.557998,-8.300616e-26
0.558242,2.182443e-25
0.558486,5.142742e-25
0.558730,7.885137e-25
0.558974,1.025203e-24
0.559219,1.210291e-24
0.559463,1.332259e-24
0.559707,1.382831e-24
0.559951,1.357512e-24
0.560195,1.255933e-24
0.560440,1.081979e-24
0.560684,8.436726e-25
0.560928,5.528300e-25
0.561172,2.244926e-25
0.561416,-1.238361e-25
0.561661,-4.731109e-25
0.561905,-8.037760e-25
0.562149,-1.096850e-24
0.562393,-1.335009e-24
0.562637,-1.503597e-24
0.562882,-1.591524e-24
0.563126,-1.591970e-24
0.563370,-1.502882e-24
0.563614,-1.327201e-24
0.563858,-1.072822e-24
0.564103,-7.522723e-25
0.564347,-3.821107e-25
0.564591,1.790402e-26
0.564835,4.258554e-25
0.565079,8.188566e-25
0.565324,1.174324e-24
0.565568,1.471264e-24
0.565812,1.691504e-24
0.566056,1.820793e-24
0.566300,1.849705e-24
0.566545,1.774297e-24
0.566789,1.596460e-24
0.567033,1.323961e-24
0.567277,9.701353e-25
0.567521,5.532690e-25
0.567766,9.567165e-26
0.568010,-3.774986e-25
0.568254,-8.396027e-25
0.568498,-1.264008e-24
0.568742,-1.625610e-24
0.568987,-1.902311e-24
0.569231,-2.076350e-24
0.569475,-2.135435e-24
0.569719,-2.073572e-24
0.569963,-1.891564e-24
0.570208,-1.597130e-24
0.570452,-1.204623e-24
0.570696,-7.343703e-25
0.570940,-2.116418e-25
0.571184,3.346838e-25
0.571429,8.736970e-25
0.571673,1.374191e-24
0.571917,1.806456e-24
0.572161,2.144030e-24
0.572405,2.365303e-24
0.572650,2.454886e-24
0.572894,2.404647e-24
0.573138,2.214357e-24
0.573382,1.891887e-24
0.573626,1.452951e-24
0.573871,9.203748e-25
0.574115,3.229438e-25
0.574359,-3.061294e-25
0.574603,-9.310297e-25
0.574847,-1.515361e-24
0.575092,-2.024252e-24
0.575336,-2.426421e-24
0.575580,-2.696085e-24
0.575824,-2.814594e-24
0.576068,-2.771686e-24
0.576313,-2.566286e-24
0.576557,-2.206783e-24
0.576801,-1.710762e-24
0.577045,-1.104195e-24
0.577289,-4.201131e-25
0.577534,3.031605e-25
0.577778,1.024135e-24
0.578022,1.700510e-24
0.578266,2.291643e-24
0.578510,2.760972e-24
0.578755,3.078263e-24
0.578999,3.221534e-24
0.579243,3.178546e-24
0.579487,2.947744e-24
0.579731,2.538605e-24
0.579976,1.971328e-24
0.580220,1.275901e-24
0.580464,4.905469e-25
0.580708,-3.403368e-25
0.580952,-1.168663e-24
0.581197,-1.945416e-24
0.581441,-2.623530e-24
0.581685,-3.160726e-24
0.581929,-3.522126e-24
0.582173,-3.682496e-24
0.582418,-3.627968e-24
0.582662,-3.357120e-24
0.582906,-2.881355e-24
0.583150,-2.224510e-24
0.583394,-1.421731e-24
0.583639,-5.176331e-25
0.583883,4.361401e-25
0.584127,1.383834e-24
0.584371,2.268817e-24
0.584615,3.036945e-24
0.584860,3.639851e-24
0.585104,4.037972e-24
0.585348,4.203117e-24
0.585592,4.120415e-24
0.585836,3.789509e-24
0.586081,3.224907e-24
0.586325,2.455454e-24
0.586569,1.522920e-24
0.586813,4.797911e-25
0.587057,-6.136497e-25
0.587302,-1.692767e-24
0.587546,-2.692368e-24
0.587790,-3.550615e-24
0.588034,-4.212832e-24
0.588278,-4.634961e-24
0.588523,-4.786461e-24
0.588767,-4.652462e-24
0.589011,-4.235010e-24
0.589255,-3.553331e-24
0.589499,-2.643048e-24
0.589744,-1.554398e-24
0.589988,-3.495131e-25
0.590232,9.010808e-25
0.590476,2.122552e-24
0.590720,3.240211e-24
0.590965,4.184052e-24
0.591209,4.893112e-24
0.591453,5.319383e-24
0.591697,5.431022e-24
0.591941,5.214651e-24
0.592186,4.676584e-24
0.592430,3.842883e-24
0.592674,2.758203e-24
0.592918,1.483480e-24
0.593162,9.256626e-26
0.593407,-1.331994e-24
0.593651,-2.703829e-24
0.593895,-3.937938e-24
0.594139,-4.955932e-24
0.594383,-5.690986e-24
0.594628,-6.092193e-24
0.594872,-6.128040e-24
0.595116,-5.788774e-24
0.595360,-5.087477e-24
0.595604,-4.059766e-24
0.595849,-2.762096e-24
0.596093,-1.268740e-24
0.596337,3.323967e-25
0.596581,1.944897e-24
0.596825,3.469597e-24
0.597070,4.810650e-24
0.597314,5.881520e-24
0.597558,6.610532e-24
0.597802,6.945638e-24
0.598046,6.858060e-24
0.598291,6.344584e-24
0.598535,5.428314e-24
0.598779,4.157813e-24
0.599023,2.604639e-24
0.599267,8.594019e-25
0.599512,-9.734548e-25
0.599756,-2.781849e-24
0.600000,-4.452871e-24
0.600244,-5.879795e-24
0.600488,-6.968860e-24
0.600733,-7.645401e-24
0.600977,-7.858916e-24
0.601221,-7.586740e-24
0.601465,-6.836058e-24
0.601709,-5.644101e-24
0.601954,-4.076464e-24
0.602198,-2.223603e-24
0.602442,-1.957112e-25
0.602686,1.883771e-24
0.602930,3.885608e-24
0.603175,5.682759e-24
0.603419,7.158397e-24
0.603663,8.213472e-24
0.603907,8.773316e-24
0.604151,8.792858e-24
0.604396,8.260094e-24
0.604640,7.197548e-24
0.604884,5.661581e-24
0.605128,3.739557e-24
0.605372,1.544991e-24
0.605617,-7.890733e-25
0.605861,-3.118052e-24
0.606105,-5.294723e-24
0.606349,-7.178483e-24
0.606593,-8.644391e-24
0.606838,-9.591415e-24
0.607082,-9.949341e-24
0.607326,-9.683875e-24
0.607570,-8.799576e-24
0.607814,-7.340383e-24
0.608059,-5.387648e-24
0.608303,-3.055749e-24
0.608547,-4.855025e-25
0.608791,2.164253e-24
0.609035,4.726400e-24
0.609280,7.036020e-24
0.609524,8.940971e-24
0.609768,1.031186e-23
0.610012,1.105078e-23
0.610256,1.109824e-23
0.610501,1.043774e-23
0.610745,9.097772e-24
0.610989,7.150859e-24
0.611233,4.709876e-24
0.611477,1.921627e-24
0.611722,-1.041871e-24
0.611966,-3.993916e-24
0.612210,-6.744804e-24
0.612454,-9.113971e-24
0.612698,-1.094180e-23
0.612943,-1.210030e-23
0.613187,-1.250206e-23
0.613431,-1.210665e-23
0.613675,-1.092424e-23
0.613919,-9.015951e-24
0.614164,-6.490988e-24
0.614408,-3.500535e-24
0.614652,-2.288545e-25
0.614896,3.117962e-24
0.615140,6.324887e-24
0.615385,9.181709e-24
0.615629,1.149675e-23
0.615873,1.310969e-23
0.616117,1.390260e-23
0.616361,1.380844e-23
0.616606,1.281651e-23
0.616850,1.097421e-23
0.617094,8.385215e-24
0.617338,5.203789e-24
0.617582,1.625808e-24
0.617827,-2.123190e-24
0.618071,-5.802112e-24
0.618315,-9.169735e-24
0.618559,-1.200046e-23
0.618803,-1.409936e-23
0.619048,-1.531558e-23
0.619292,-1.555302e-23
0.619536,-1.477783e-23
0.619780,-1.302177e-23
0.620024,-1.038152e-23
0.620269,-7.013590e-24
0.620513,-3.125275e-24
0.620757,1.037976e-24
0.621001,5.207911e-24
0.621245,9.110674e-24
0.621490,1.248471e-23
0.621734,1.509823e-23
0.621978,1.676508e-23
0.622222,1.735793e-23
0.622466,1.681782e-23
0.622711,1.515941e-23
0.622955,1.247150e-23
0.623199,8.912569e-24
0.623443,4.701731e-24
0.623687,1.053872e-25
0.623932,-4.579466e-24
0.624176,-9.044317e-24
0.624420,-1.298937e-23
0.624664,-1.614359e-23
0.624908,-1.828330e-23
0.625153,-1.924793e-23
0.625397,-1.895193e-23
0.625641,-1.739195e-23
0.625885,-1.464866e-23
0.626129,-1.088301e-23
0.626374,-6.327080e-24
0.626618,-1.269993e-24
0.626862,3.960265e-24
0.627106,9.017989e-24
0.627350,1.356250e-23
0.627595,1.728102e-23
0.627839,1.991011e-23
0.628083,2.125431e-23
0.628327,2.120049e-23
0.628571,1.972704e-23
0.628816,1.690710e-23
0.629060,1.290546e-23
0.629304,7.969294e-24
0.629548,2.413104e-24
0.629792,-3.401093e-24
0.630037,-9.087219e-24
0.630281,-1.426065e-23
0.630525,-1.856414e-23
0.630769,-2.169244e-23
0.631013,-2.341384e-23
0.631258,-2.358724e-23
0.631502,-2.217339e-23
0.631746,-1.923950e-23
0.631990,-1.495669e-23
0.632234,-9.590439e-24
0.632479,-3.484392e-24
0.632723,2.961428e-24
0.632967,9.316653e-24
0.633211,1.514917e-23
0.633455,2.005441e-23
0.633700,2.368333e-23
0.633944,2.576717e-23
0.634188,2.613725e-23
0.634432,2.473832e-23
0.634676,2.163444e-23
0.634921,1.700691e-23
0.635165,1.114406e-23
0.635409,4.423672e-24
0.635653,-2.711182e-24
0.635897,-9.781115e-24
0.636142,-1.630251e-23
0.636386,-2.182048e-23
0.636630,-2.594055e-23
0.636874,-2.835673e-23
0.637118,-2.887414e-23
0.637363,-2.742446e-23
0.637607,-2.407291e-23
0.637851,-1.901630e-23
0.638095,-1.257197e-23
0.638339,-5.158198e-24
0.638584,2.732659e-24
0.638828,1.056665e-23
0.639072,1.780421e-23
0.639316,2.393721e-23
0.639560,2.852451e-23
0.639805,3.122367e-23
0.640049,3.181632e-23
0.640293,3.022556e-23
0.640537,2.652386e-23
0.640781,2.093076e-23
0.641026,1.380045e-23
0.641270,5.599668e-24
0.641514,-3.122529e-24
0.641758,-1.177129e-23
0.642002,-1.974638e-23
0.642247,-2.648370e-23
0.642491,-3.149513e-23
0.642735,-3.440375e-23
0.642979,-3.497210e-23
0.643223,-3.312120e-23
0.643468,-2.893895e-23
0.643712,-2.267698e-23
0.643956,-1.473612e-23
0.644200,-5.641167e-24
0.644444,3.993495e-24
0.644689,1.350515e-23
0.644933,2.222813e-23
0.645177,2.954033e-23
0.645421,3.490741e-23
0.645665,3.792179e-23
0.645910,3.833346e-23
0.646154,3.607030e-23
0.646398,3.124629e-23
0.646642,2.415691e-23
0.646886,1.526159e-23
0.647131,5.154426e-24
0.647375,-5.475208e-24
0.647619,-1.588938e-23
0.647863,-2.535265e-23
0.648107,-3.318389e-23
0.648352,-3.880519e-23
0.648596,-4.178443e-23
0.648840,-4.186830e-23
0.649084,-3.900339e-23
0.649328,-3.334341e-23
0.649573,-2.524206e-23
0.649817,-1.523150e-23
0.650061,-3.987926e-24
0.650305,7.713831e-24
0.650549,1.905337e-23
0.650794,2.922208e-23
0.651038,3.748064e-23
0.651282,4.321270e-23
0.651526,4.597078e-23
0.651770,4.551098e-23
0.652015,4.181387e-23
0.652259,3.508980e-23
0.652503,2.576790e-23
0.652747,1.446939e-23
0.652991,1.966594e-24
0.653236,-1.086943e-23
0.653480,-2.312932e-23
0.653724,-3.392965e-23
0.653968,-4.247646e-23
0.654212,-4.812352e-23
0.654457,-5.042107e-23
0.654701,-4.915139e-23
0.654945,-4.434839e-23
0.655189,-3.629949e-23
0.655433,-2.552938e-23
0.655678,-1.276646e-23
0.655922,1.105914e-24
0.656166,1.511021e-23
0.656410,2.824333e-23
0.656654,3.954827e-23
0.656899,4.818374e-23
0.657143,5.348666e-23
0.657387,5.502298e-23
0.657631,5.262280e-23
0.657875,4.639715e-23
0.658120,3.673468e-23
0.658364,2.427839e-23
0.658608,9.883429e-24
0.658852,-5.441098e-24
0.659096,-2.060249e-23
0.659341,-3.450209e-23
0.659585,-4.611478e-23
0.659829,-5.456440e-23
0.660073,-5.918981e-23
0.660317,-5.959643e-23
0.660562,-5.568935e-23
0.660806,-4.768521e-23
0.661050,-3.610173e-23
0.661294,-2.172502e-23
0.661538,-5.556957e-24
0.661783,1.125421e-23
0.662027,2.749500e-23
0.662271,4.197408e-23
0.662515,5.360948e-23
0.662759,6.150934e-23
0.663004,6.504019e-23
0.663248,6.387747e-23
0.663492,5.803440e-23
0.663736,4.786653e-23
0.663980,3.405141e-23
0.664225,1.754428e-23
0.664469,-4.873874e-25
0.664713,-1.874592e-23
0.664957,-3.589654e-23
0.665201,-5.066472e-23
0.665446,-6.193071e-23
0.665690,-6.881444e-23
0.665934,-7.074406e-23
0.666178,-6.750308e-23
0.666422,-5.925206e-23
0.666667,-4.652298e-23
0.666911,-3.018599e-23
0.667155,-1.139080e-23
0.667399,8.513647e-24
0.667643,2.807554e-23
0.667888,4.584579e-23
0.668132,6.048517e-23
0.668376,7.086515e-23
0.668620,7.615479e-23
0.668864,7.588708e-23
0.669109,6.999939e-23
0.669353,5.884459e-23
0.669597,4.317153e-23
0.669841,2.407585e-23
0.670085,2.924108e-24
0.670330,-1.874343e-23
0.670574,-3.932451e-23
0.670818,-5.727314e-23
0.671062,-7.121558e-23
0.671306,-8.005534e-23
0.671551,-8.305939e-23
0.671795,-7.991851e-23
0.672039,-7.077712e-23
0.672283,-5.622968e-23
0.672527,-3.728335e-23
0.672772,-1.528928e-23
0.673016,8.153075e-24
0.673260,3.131172e-23
0.673504,5.244973e-23
0.673748,6.995531e-23
0.673993,8.246457e-23
0.674237,8.896776e-23
0.674481,8.889056e-23
0.674725,8.214403e-23
0.674969,6.913887e-23
0.675214,5.076231e-23
0.675458,2.831881e-23
0.675702,3.438317e-24
0.675946,-2.204140e-23
0.676190,-4.621008e-23
0.676435,-6.722786e-23
0.676679,-8.346519e-23
0.676923,-9.362914e-23
0.677167,-9.686622e-23
0.677411,-9.283366e-23
0.677656,-8.173323e-23
0.677900,-6.430434e-23
0.678144,-4.177625e-23
0.678388,-1.578253e-23
0.678632,1.175663e-23
0.678877,3.877569e-23
0.679121,6.321826e-23
0.679365,8.319343e-23
0.679609,9.712194e-23
0.679853,1.038610e-22
0.680098,1.027979e-22
0.680342,9.390464e-23
0.680586,7.774885e-23
0.680830,5.545970e-23
0.681074,2.865024e-23
0.681319,-6.984104e-25
0.681563,-3.038269e-23
0.681807,-5.814157e-23
0.682051,-8.182850e-23
0.682295,-9.957725e-23
0.682540,-1.099489e-22
0.682784,-1.120485e-22
0.683028,-1.056016e-22
0.683272,-9.098472e-23
0.683516,-6.920601e-23
0.683761,-4.183747e-23
0.684005,-1.090259e-23
0.684249,2.127244e-23
0.684493,5.223302e-23
0.684737,7.958300e-23
0.684982,1.011700e-22
0.685226,1.152547e-22
0.685470,1.206511e-22
0.685714,1.168257e-22
0.685958,1.039489e-22
0.686203,8.289168e-23
0.686447,5.516873e-23
0.686691,2.283104e-23
0.686935,-1.168498e-23
0.687179,-4.574030e-23
0.687424,-7.669457e-23
0.687668,-1.021106e-22
0.687912,-1.199462e-22
0.688156,-1.287183e-22
0.688400,-1.276259e-22
0.688645,-1.166227e-22
0.688889,-9.643101e-23
0.689133,-6.849705e-23
0.689377,-3.488895e-23
0.689621,1.855209e-24
0.689866,3.891828e-23
0.690110,7.341939e-23
0.690354,1.026376e-22
0.690598,1.242265e-22
0.690842,1.364024e-22
0.691087,1.380918e-22
0.691331,1.290257e-22
0.691575,1.097716e-22
0.691819,8.170119e-23
0.692063,4.689479e-23
0.692308,7.988129e-24
0.692552,-3.202605e-23
0.692796,-7.002758e-23
0.693040,-1.030118e-22
0.693284,-1.283270e-22
0.693529,-1.438875e-22
0.693773,-1.483458e-22
0.694017,-1.412086e-22
0.694261,-1.228878e-22
0.694505,-9.468056e-23
0.694750,-5.867999e-23
0.694994,-1.762097e-23
0.695238,2.532633e-23
0.695482,6.680045e-23
0.695726,1.035113e-22
0.695971,1.325009e-22
0.696215,1.513821e-22
0.696459,1.585346e-22
0.696703,1.532444e-22
0.696947,1.357725e-22
0.697192,1.073479e-22
0.697436,7.008328e-23
0.697680,2.682018e-23
0.697924,-1.908689e-23
0.698168,-6.402945e-23
0.698413,-1.044282e-22
0.698657,-1.370178e-22
0.698901,-1.591110e-22
0.699145,-1.688202e-22
0.699389,-1.652187e-22
0.699634,-1.484275e-22
0.699878,-1.196201e-22
0.700122,-8.094301e-23
0.700366,-3.535800e-23
0.700611,1.358359e-23
0.700855,6.201640e-23
0.701099,1.060658e-22
0.701343,1.421575e-22
0.701587,1.673078e-22
0.701832,1.793703e-22
0.702076,1.772188e-22
0.702320,1.608520e-22
0.702564,1.314078e-22
0.702808,9.108791e-23
0.703053,4.299496e-23
0.703297,-9.104641e-24
0.703541,-6.107460e-23
0.703785,-1.087365e-22
0.704029,-1.482053e-22
0.704274,-1.762065e-22
0.704518,-1.903473e-22
0.704762,-1.893217e-22
0.705006,-1.730302e-22
0.705250,-1.426033e-22
0.705495,-1.003267e-22
0.705739,-4.947187e-23
0.705983,5.955555e-24
0.706227,6.153010e-23
0.706471,1.127591e-22
0.706716,1.554454e-22
0.706960,1.860318e-22
0.707204,2.018970e-22
0.707448,2.015808e-22
0.707692,1.849179e-22
0.707937,1.530675e-22
0.708181,1.084368e-22
0.708425,5.450142e-23
0.708669,-4.463913e-24
0.708913,-6.372247e-23
0.709158,-1.184555e-22
0.709402,-1.641538e-22
0.709646,-1.969890e-22
0.709890,-2.141350e-22
0.710134,-2.140110e-22
0.710379,-1.964269e-22
0.710623,-1.626160e-22
0.710867,-1.151530e-22
0.711111,-5.776007e-23
0.711355,4.983325e-24
0.711600,6.800418e-23
0.711844,1.261456e-22
0.712088,1.745882e-22
0.712332,2.092503e-22
0.712576,2.271313e-22
0.712821,2.265723e-22
0.713065,2.074093e-22
0.713309,1.710050e-22
0.713553,1.201561e-22
0.713797,5.888108e-23
0.714042,-7.895495e-24
0.714286,-7.473744e-23
0.714530,-1.361387e-22
0.714774,-1.869766e-22
0.715018,-2.229394e-22
0.715263,-2.408925e-22
0.715507,-2.391518e-22
0.715751,-2.176408e-22
0.715995,-1.779170e-22
0.716239,-1.230630e-22
0.716484,-5.744979e-23
0.716728,1.360926e-23
0.716972,8.428752e-23
0.717216,1.487221e-22
0.717460,2.014998e-22
0.717705,2.381123e-22
0.717949,2.553418e-22
0.718193,2.515436e-22
0.718437,2.268029e-22
0.718681,1.829480e-22
0.718926,1.234193e-22
0.719170,5.300235e-23
0.719414,-2.255521e-23
0.719658,-9.701112e-23
0.719902,-1.641437e-22
0.720147,-2.182714e-22
0.720391,-2.547343e-22
0.720635,-2.702954e-22
0.720879,-2.634286e-22
0.721123,-2.344670e-22
0.721368,-1.855966e-22
0.721612,-1.206957e-22
0.721856,-4.502960e-23
0.722100,3.517442e-23
0.722344,1.132384e-22
0.722589,1.825891e-22
0.722833,2.373113e-22
0.723077,2.726529e-22
0.723321,2.854380e-22
0.723565,2.743531e-22
0.723810,2.400791e-22
0.724054,1.852572e-22
0.724298,1.142894e-22
0.724542,3.298789e-23
0.724786,-5.189950e-23
0.725031,-1.332476e-22
0.725275,-2.041519e-22
0.725519,-2.585141e-22
0.725763,-2.915676e-22
0.726007,-3.002963e-22
0.726252,-2.837094e-22
0.726496,-2.429495e-22
0.726740,-1.812194e-22
0.726984,-1.035347e-22
0.727228,-1.631889e-23
0.727473,7.312628e-23
0.727717,1.572306e-22
0.727961,2.287957e-22
0.728205,2.816119e-22
0.728449,3.109970e-22
0.728694,3.142127e-22
0.728938,2.907196e-22
0.729182,2.422481e-22
0.729426,1.726762e-22
0.729670,8.772286e-23
0.729915,-5.519294e-24
0.730159,-9.917463e-23
0.730403,-1.852486e-22
0.730647,-2.563102e-22
0.730891,-3.061334e-22
0.731136,-3.302442e-22
0.731380,-3.263227e-22
0.731624,-2.944261e-22
0.731868,-2.370100e-22
0.732112,-1.587440e-22
0.732357,-6.613583e-23
0.732601,3.300769e-23
0.732845,1.302370e-22
0.733089,2.171792e-22
0.733333,2.862591e-22
0.733578,3.313599e-22
0.733822,3.483658e-22
0.734066,3.355385e-22
0.734310,2.936928e-22
0.734554,2.261541e-22
0.734799,1.384986e-22
0.735043,3.809626e-23
0.735287,-6.650689e-23
0.735531,-1.663144e-22
0.735775,-2.526528e-22
0.736020,-3.179257e-22
0.736264,-3.562831e-22
0.736508,-3.641466e-22
0.736752,-3.405441e-22
0.736996,-2.872216e-22
0.737241,-2.085209e-22
0.737485,-1.110303e-22
0.737729,-3.035677e-24
0.737973,1.061814e-22
0.738217,2.071402e-22
0.738462,2.909838e-22
0.738706,3.502566e-22
0.738950,3.795686e-22
0.739194,3.760864e-22
0.739438,3.398076e-22
0.739683,2.735899e-22
0.739927,1.829322e-22
0.740171,7.552126e-23
0.740415,-3.941704e-23
0.740659,-1.519084e-22
0.740904,-2.520949e-22
0.741148,-3.310992e-22
0.741392,-3.818118e-22
0.741636,-3.995324e-22
0.741880,-3.824068e-22
0.742125,-3.316184e-22
0.742369,-2.513157e-22
0.742613,-1.482784e-22
0.742857,-3.134819e-23
0.743101,8.932729e-23
0.743346,2.031737e-22
0.743590,3.001162e-22
0.743834,3.714719e-22
0.744078,4.107283e-22
0.744322,4.141399e-22
0.744567,3.810856e-22
0.744811,3.141558e-22
0.745055,2.189548e-22
0.745299,1.036367e-22
0.745543,-2.178992e-23
0.745788,-1.463290e-22
0.746032,-2.589598e-22
0.746276,-3.496121e-22
0.746520,-4.100681e-22
0.746764,-4.347083e-22
0.747009,-4.210361e-22
0.747253,-3.699297e-22
0.747497,-2.855970e-22
0.747741,-1.752353e-22
0.747985,-4.842030e-23
0.748230,8.372147e-23
0.748474,2.094877e-22
0.748718,3.176360e-22
0.748962,3.983895e-22
0.749206,4.443223e-22
0.749451,4.510442e-22
0.749695,4.176213e-22
0.749939,3.466930e-22
0.750183,2.442704e-22
0.750427,1.192320e-22
0.750672,-1.744300e-23
0.750916,-1.536360e-22
0.751160,-2.771626e-22
0.751404,-3.768633e-22
0.751648,-4.436123e-22
0.751893,-4.711548e-22
0.752137,-4.566952e-22
0.752381,-4.011807e-22
0.752625,-3.092511e-22
0.752869,-1.888571e-22
0.753114,-5.057681e-23
0.753358,9.331064e-23
0.753602,2.299141e-22
0.753846,3.468847e-22
0.754090,4.335333e-22
0.754335,4.818088e-22
0.754579,4.870485e-22
0.754823,4.484300e-22
0.755067,3.690809e-22
0.755311,2.558327e-22
0.755556,1.186376e-22
0.755800,-3.030222e-23
0.756044,-1.776180e-22
0.756288,-3.099730e-22
0.756532,-4.152709e-22
0.756777,-4.837621e-22
0.757021,-5.089492e-22
0.757265,-4.882054e-22
0.757509,-4.230479e-22
0.757753,-3.190373e-22
0.757998,-1.853095e-22
0.758242,-3.377671e-23
0.758486,1.219300e-22
0.758730,2.676857e-22
0.758974,3.901530e-22
0.759219,4.780033e-22
0.759463,5.229670e-22
0.759707,5.206147e-22
0.759951,4.707950e-22
0.760195,3.776858e-22
0.760440,2.494515e-22
0.760684,9.753157e-23
0.760928,-6.437596e-23
0.761172,-2.215478e-22
0.761416,-3.595734e-22
0.761661,-4.656772e-22
0.761905,-5.299032e-22
0.762149,-5.460513e-22
0.762393,-5.122789e-22
0.762637,-4.313072e-22
0.762882,-3.102110e-22
0.763126,-1.598058e-22
0.763370,6.313341e-24
0.763614,1.729983e-22
0.763858,3.249280e-22
0.764103,4.480172e-22
0.764347,5.307237e-22
0.764591,5.651336e-22
0.764835,5.477213e-22
0.765079,4.797119e-22
0.765324,3.670080e-22
0.765568,2.196838e-22
0.765812,5.108985e-23
0.766056,-1.233537e-22
0.766300,-2.875658e-22
0.766545,-4.262870e-22
0.766789,-5.264984e-22
0.767033,-5.786465e-22
0.767277,-5.775570e-22
0.767521,-5.229505e-22
0.767766,-4.195086e-22
0.768010,-2.764804e-22
0.768254,-1.068609e-22
0.768498,7.378605e-23
0.768742,2.487534e-22
0.768987,4.017357e-22
0.769231,5.183494e-22
0.769475,5.874880e-22
0.769719,6.023830e-22
0.769963,5.612694e-22
0.770208,4.675909e-22
0.770452,3.297200e-22
0.770696,1.602161e-22
0.770940,-2.531461e-23
0.771184,-2.096528e-22
0.771429,-3.755635e-22
0.771673,-5.074081e-22
0.771917,-5.926208e-22
0.772161,-6.229094e-22
0.772405,-5.950658e-22
0.772650,-5.113067e-22
0.772894,-3.791082e-22
0.773138,-2.105447e-22
0.773382,-2.119172e-23
0.773626,1.713104e-22
0.773871,3.488986e-22
0.774115,4.947821e-22
0.774359,5.950324e-22
0.774603,6.399161e-22
0.774847,6.248437e-22
0.775092,5.508419e-22
0.775336,4.244991e-22
0.775580,2.573864e-22
0.775824,6.500341e-23
0.776068,-1.346557e-22
0.776313,-3.227834e-22
0.776557,-4.815306e-22
0.776801,-5.957021e-22
0.777045,-6.542137e-22
0.777289,-6.511732e-22
0.777534,-5.864765e-22
0.777778,-4.658608e-22
0.778022,-3.004041e-22
0.778266,-1.055130e-22
0.778510,1.005068e-22
0.778755,2.981688e-22
0.778999,4.686476e-22
0.779243,5.955741e-22
0.779487,6.666102e-22
0.779731,6.746526e-22
0.779976,6.185467e-22
0.780220,5.032399e-22
0.780464,3.393543e-22
0.780708,1.422141e-22
0.780952,-6.958225e-23
0.781197,-2.759144e-22
0.781441,-4.570510e-22
0.781685,-5.955378e-22
0.781929,-6.778830e-22
0.782173,-6.958759e-22
0.782418,-6.474097e-22
0.782662,-5.367269e-22
0.782906,-3.740568e-22
0.783150,-1.746774e-22
0.783394,4.251481e-23
0.783639,2.567930e-22
0.783883,4.475772e-22
0.784127,5.964119e-22
0.784371,6.887549e-22
0.784615,7.154023e-22
0.784860,6.734107e-22
0.785104,5.664235e-22
0.785348,4.043650e-22
0.785592,2.025273e-22
0.785836,-1.986832e-23
0.786081,-2.414977e-22
0.786325,-4.409782e-22
0.786569,-5.989325e-22
0.786813,-6.998742e-22
0.787057,-7.337307e-22
0.787302,-6.968531e-22
0.787546,-5.924125e-22
0.787790,-4.301380e-22
0.788034,-2.254180e-22
0.788278,2.153560e-24
0.788523,2.306493e-22
0.788767,4.379200e-22
0.789011,6.037427e-22
0.789255,7.117969e-22
0.789499,7.512758e-22
0.789744,7.179721e-22
0.789988,6.147302e-22
0.790232,4.512145e-22
0.790476,2.430132e-22
0.790720,1.015694e-23
0.790965,-2.248038e-22
0.791209,-4.389819e-22
0.791453,-6.113838e-22
0.791697,-7.249708e-22
0.791941,-7.683474e-22
0.792186,-7.369104e-22
0.792430,-6.333417e-22
0.792674,-4.673913e-22
0.792918,-2.549672e-22
0.793162,-1.661698e-23
0.793407,2.244567e-22
0.793651,4.446532e-22
0.793895,6.222855e-22
0.794139,7.397197e-22
0.794383,7.851302e-22
0.794628,7.536968e-22
0.794872,6.481205e-22
0.795116,4.784039e-22
0.795360,2.609118e-22
0.795604,1.679872e-23
0.795849,-2.300447e-22
0.796093,-4.553284e-22
0.796337,-6.367547e-22
0.796581,-7.562282e-22
0.796825,-8.016663e-22
0.797070,-7.682271e-22
0.797314,-6.588302e-22
0.797558,-4.839138e-22
0.797802,-2.604471e-22
0.798046,-1.028980e-23
0.798291,2.419422e-22
0.798535,4.712982e-22
0.798779,6.549618e-22
0.799023,7.745247e-22
0.799267,8.178369e-22
0.799512,7.802482e-22
0.799756,6.651122e-22
0.800000,4.834990e-22
0.800244,2.531386e-22
0.800488,-3.303439e-24
0.800733,-2.604527e-22
0.800977,-4.927358e-22
0.801221,-6.769249e-22
0.801465,-7.944645e-22
0.801709,-8.333468e-22
0.801954,-7.893449e-22
0.802198,-6.664773e-22
0.802442,-4.766523e-22
0.802686,-2.385217e-22
0.802930,2.434570e-23
0.803175,2.857932e-22
0.803419,5.196785e-22
0.803663,7.024893e-22
0.803907,8.157113e-22
0.804151,8.477095e-22
0.804396,7.949308e-22
0.804640,6.623033e-22
0.804884,4.627865e-22
0.805128,2.161137e-22
0.805372,-5.315453e-23
0.805617,-3.180723e-22
0.805861,-5.520042e-22
0.806105,-7.313060e-22
0.806349,-8.377188e-22
0.806593,-8.602349e-22
0.806838,-7.962443e-22
0.807082,-6.518398e-22
0.807326,-4.412481e-22
0.807570,-1.854355e-22
0.807814,8.997353e-23
0.808059,3.572605e-22
0.808303,5.894024e-22
0.808547,7.628064e-22
0.808791,8.597130e-22
0.809035,8.700215e-22
0.809280,7.923509e-22
0.809524,6.342222e-22
0.809768,4.113404e-22
0.810012,1.460423e-22
0.810256,-1.349367e-22
0.810501,-4.031545e-22
0.810745,-6.313416e-22
0.810989,-7.961770e-22
0.811233,-8.806773e-22
0.811477,-8.759537e-22
0.811722,-7.821550e-22
0.811966,-6.084954e-22
0.812210,-3.723588e-22
0.812454,-9.756589e-23
0.812698,1.880236e-22
0.812943,4.553336e-22
0.813187,6.770333e-22
0.813431,8.303349e-22
0.813675,8.993424e-22
0.813919,8.767079e-22
0.814164,7.644215e-22
0.814408,5.736503e-22
0.814652,3.236374e-22
0.814896,3.976749e-23
0.815140,-2.490061e-22
0.815385,-5.131131e-22
0.815629,-7.253959e-22
0.815873,-8.639069e-22
0.816117,-9.141842e-22
0.816361,-8.707702e-22
0.816606,-7.378115e-22
0.816850,-5.286742e-22
0.817094,-2.646098e-22
0.817338,2.739838e-23
0.817582,3.173884e-22
0.817827,5.754935e-22
0.818071,7.750207e-22
0.818315,8.952164e-22
0.818559,9.234330e-22
0.818803,8.564677e-22
0.819048,7.009337e-22
0.819292,4.726167e-22
0.819536,1.948822e-22
0.819780,-1.037104e-22
0.820024,-3.923413e-22
0.820269,-6.411118e-22
0.820513,-8.241446e-22
0.820757,-9.222819e-22
0.821001,-9.250985e-22
0.821245,-8.320185e-22
0.821490,-6.524143e-22
0.821734,-4.046726e-22
0.821978,-1.143207e-22
0.822222,1.885993e-22
0.822466,4.726364e-22
0.822711,7.081975e-22
0.822955,8.706347e-22
0.823199,9.428317e-22
0.823443,9.170155e-22
0.823687,7.956028e-22
0.823932,5.909867e-22
0.824176,3.242809e-22
0.824420,2.314862e-23
0.824664,-2.810625e-22
0.824908,-5.565826e-22
0.825153,-7.745396e-22
0.825397,-9.119899e-22
0.825641,-9.543416e-22
0.825885,-8.969128e-22
0.826129,-7.454579e-22
0.826374,-5.156022e-22
0.826618,-2.312388e-22
0.826862,7.794854e-23
0.827106,3.795808e-22
0.827350,6.419744e-22
0.827595,8.374726e-22
0.827839,9.453672e-22
0.828083,9.541002e-22
0.828327,8.625122e-22
0.828571,6.799994e-22
0.828816,4.255608e-22
0.829060,1.258281e-22
0.829304,-1.877159e-22
0.829548,-4.820424e-22
0.829792,-7.260566e-22
0.830037,-8.938880e-22
0.830281,-9.676399e-22
0.830525,-9.393076e-22
0.830769,-8.116572e-22
0.831013,-5.979674e-22
0.831258,-3.206584e-22
0.831502,-8.946743e-24
0.831746,3.042286e-22
0.831990,5.856859e-22
0.832234,8.055191e-22
0.832479,9.402812e-22
0.832723,9.754936e-22
0.832967,9.072116e-22
0.833211,7.424755e-22
0.833455,4.985966e-22
0.833700,2.013459e-22
0.833944,-1.177619e-22
0.834188,-4.248073e-22
0.834432,-6.870717e-22
0.834676,-8.765279e-22
0.834921,-9.728425e-22
0.835165,-9.655674e-22
0.835409,-8.552837e-22
0.835653,-6.535714e-22
0.835897,-3.818035e-22
0.836142,-6.888978e-23
0.836386,2.517938e-22
0.836630,5.459635e-22
0.836874,7.820950e-22
0.837118,9.348074e-22
0.837363,9.875994e-22
0.837607,9.346425e-22
0.837851,7.814350e-22
0.838095,5.442429e-22
0.838339,2.483816e-22
0.838584,-7.447834e-23
0.838828,-3.896986e-22
0.839072,-6.633888e-22
0.839316,-8.660544e-22
0.839560,-9.757818e-22
0.839805,-9.806174e-22
0.840049,-8.798806e-22
0.840293,-6.842653e-22
0.840537,-4.147152e-22
0.840781,-1.001904e-22
0.841026,2.254396e-22
0.841270,5.270402e-22
0.841514,7.720054e-22
0.841758,9.337878e-22
0.842002,9.947839e-22
0.842247,9.482600e-22
0.842491,7.991067e-22
0.842735,5.633360e-22
0.842979,2.663723e-22
0.843223,-5.968222e-23
0.843468,-3.795143e-22
0.843712,-6.584240e-22
0.843956,-8.660933e-22
0.844200,-9.798886e-22
0.844444,-9.873372e-22
0.844689,-8.875056e-22
0.844933,-6.911255e-22
0.845177,-4.194511e-22
0.845421,-1.019673e-22
0.845665,2.268049e-22
0.845910,5.310600e-22
0.846154,7.776098e-22
0.846398,9.395085e-22
0.846642,9.990067e-22
0.846886,9.495079e-22
0.847131,7.963109e-22
0.847375,5.560545e-22
0.847619,2.549196e-22
0.847863,-7.421647e-23
0.848107,-3.953657e-22
0.848352,-6.733647e-22
0.848596,-8.777288e-22
0.848840,-9.860025e-22
0.849084,-9.862361e-22
0.849328,-8.783167e-22
0.849573,-6.740012e-22
0.849817,-3.956465e-22
0.850061,-7.377118e-23
0.850305,2.562849e-22
0.850549,5.582393e-22
0.850794,7.988581e-22
0.851038,9.516193e-22
0.851282,9.996453e-22
0.851526,9.375789e-22
0.851770,7.721918e-22
0.852015,5.216582e-22
0.852259,2.135660e-22
0.852503,-1.181133e-22
0.852747,-4.367681e-22
0.852991,-7.071881e-22
0.853236,-8.994598e-22
0.853480,-9.922837e-22
0.853724,-9.753433e-22
0.853968,-8.504643e-22
0.854212,-6.314290e-22
0.854457,-3.424661e-22
0.854701,-1.557829e-23
0.854945,3.129971e-22
0.855189,6.068045e-22
0.855433,8.332180e-22
0.855678,9.670710e-22
0.855922,9.934629e-22
0.856166,9.094297e-22
0.856410,7.242884e-22
0.856654,4.586149e-22
0.856899,1.419671e-22
0.857143,-1.903982e-22
0.857387,-5.014483e-22
0.857631,-7.565026e-22
0.857875,-9.271048e-22
0.858120,-9.942061e-22
0.858364,-9.503036e-22
0.858608,-8.002905e-22
0.858852,-5.609230e-22
0.859096,-2.589580e-22
0.859341,7.183000e-23
0.859585,3.944232e-22
0.859829,6.727029e-22
0.860073,8.754982e-22
0.860317,9.800847e-22
0.860562,9.747414e-22
0.860806,8.600761e-22
0.861050,6.489678e-22
0.861294,3.651315e-22
0.861538,4.046202e-23
0.861783,-2.885449e-22
0.862027,-5.848937e-22
0.862271,-8.152523e-22
0.862515,-9.537075e-22
0.862759,-9.846893e-22
0.863004,-9.047339e-22
0.863248,-7.228823e-22
0.863492,-4.596697e-22
0.863736,-1.448156e-22
0.863980,1.861253e-22
0.864225,4.957762e-22
0.864469,7.491608e-22
0.864713,9.176597e-22
0.864957,9.822518e-22
0.865201,9.356721e-22
0.865446,7.832414e-22
0.865690,5.422696e-22
0.865934,2.401005e-22
0.866178,-8.898394e-23
0.866422,-4.076495e-22
0.866667,-6.797457e-22
0.866911,-8.744110e-22
0.867155,-9.695814e-22
0.867399,-9.545014e-22
0.867643,-8.309518e-22
0.867888,-6.130511e-22
0.868132,-3.256531e-22
0.868376,-1.519951e-24
0.868620,3.224077e-22
0.868864,6.092202e-22
0.869109,8.262482e-22
0.869353,9.487903e-22
0.869597,9.629351e-22
0.869841,8.671513e-22
0.870085,6.724656e-22
0.870330,4.012043e-22
0.870574,8.444147e-23
0.870818,-2.415546e-22
0.871062,-5.394726e-22
0.871306,-7.752310e-22
0.871551,-9.218830e-22
0.871795,-9.627059e-22
0.872039,-8.931190e-22
0.872283,-7.212099e-22
0.872527,-4.668056e-22
0.872772,-1.591954e-22
0.873016,1.662344e-22
0.873260,4.720690e-22
0.873504,7.231679e-22
0.873748,8.907077e-22
0.873993,9.555000e-22
0.874237,9.101992e-22
0.874481,7.601474e-22
0.874725,5.227567e-22
0.874969,2.254980e-22
0.875214,-9.726993e-23
0.875458,-4.082689e-22
0.875702,-6.716071e-22
0.875946,-8.569259e-22
0.876190,-9.429077e-22
0.876435,-9.197385e-22
0.876679,-7.902402e-22
0.876923,-5.695387e-22
0.877167,-2.833087e-22
0.877411,3.520625e-23
0.877656,3.490498e-22
0.877900,6.218409e-22
0.878144,8.219948e-22
0.878388,9.263874e-22
0.878632,9.230369e-22
0.878877,8.124905e-22
0.879121,6.077544e-22
0.879365,3.327745e-22
0.879609,1.964375e-23
0.879853,-2.951381e-22
0.880098,-5.749184e-22
0.880342,-7.871623e-22
0.880586,-9.072432e-22
0.880830,-9.213094e-22
0.881074,-8.278937e-22
0.881319,-6.380756e-22
0.881563,-3.741789e-22
0.881807,-6.715496e-23
0.882051,2.470421e-22
0.882295,5.316641e-22
0.882540,7.534694e-22
0.882784,8.866115e-22
0.883028,9.156601e-22
0.883272,8.374005e-22
0.883516,6.611996e-22
0.883761,4.078969e-22
0.884005,1.073485e-22
0.884249,-2.050860e-22
0.884493,-4.927010e-22
0.884737,-7.217597e-22
0.884982,-8.654567e-22
0.885226,-9.070640e-22
0.885470,-8.418889e-22
0.885714,-6.778141e-22
0.885958,-4.343563e-22
0.886203,-1.403539e-22
0.886447,1.694423e-22
0.886691,4.584744e-22
0.886935,6.926927e-22
0.887179,8.445725e-22
0.887424,8.963569e-22
0.887668,8.421437e-22
0.887912,6.885687e-22
0.888156,4.540054e-22
0.888400,1.663770e-22
0.888645,-1.401612e-22
0.888889,-4.292750e-22
0.889133,-6.667586e-22
0.889377,-8.245870e-22
0.889621,-8.842311e-22
0.889866,-8.388434e-22
0.890110,-6.940546e-22
0.890354,-4.672879e-22
0.890598,-1.856719e-22
0.890842,1.171974e-22
0.891087,4.052620e-22
0.891331,6.442948e-22
0.891575,8.059718e-22
0.891819,8.712356e-22
0.892063,8.325519e-22
0.892308,6.947902e-22
0.892552,4.746233e-22
0.892796,1.985197e-22
0.893040,-1.004314e-22
0.893284,-3.864821e-22
0.893529,-6.255014e-22
0.893773,-7.890515e-22
0.894017,-8.577792e-22
0.894261,-8.237159e-22
0.894505,-6.912118e-22
0.894750,-4.763934e-22
0.894994,-2.052113e-22
0.895238,8.968760e-23
0.895482,3.728871e-22
0.895726,6.104553e-22
0.895971,7.740140e-22
0.896215,8.441368e-22
0.896459,8.126655e-22
0.896703,6.836697e-22
0.896947,4.729339e-22
0.897192,2.060365e-22
0.897436,-8.474784e-23
0.897680,-3.643473e-22
0.897924,-5.991233e-22
0.898168,-7.609218e-22
0.898413,-8.304565e-22
0.898657,-7.996178e-22
0.898901,-6.724279e-22
0.899145,-4.645304e-22
0.899389,-2.012763e-22
0.899634,8.536021e-23
0.899878,3.606617e-22
0.900122,5.913727e-22
0.900366,7.497210e-22
0.900611,8.167679e-22
0.900855,7.846828e-22
0.901099,6.576673e-22
0.901343,4.514190e-22
0.901587,1.912012e-22
0.901832,-9.124433e-23
0.902076,-3.615658e-22
0.902320,-5.869799e-22
0.902564,-7.402514e-22
0.902808,-8.029911e-22
0.903053,-7.678717e-22
0.903297,-6.394923e-22
0.903541,-4.337902e-22
0.903785,-1.760719e-22
0.904029,1.020929e-22
0.904274,3.667356e-22
0.904518,5.856370e-22
0.904762,7.322543e-22
0.905006,7.889466e-22
0.905250,7.491066e-22
0.905495,6.179394e-22
0.905739,4.117959e-22
0.905983,1.561443e-22
0.906227,-1.175700e-22
0.906471,-3.757890e-22
0.906716,-5.869570e-22
0.906960,-7.253813e-22
0.907204,-7.743654e-22
0.907448,-7.282320e-22
0.907692,-5.929890e-22
0.907937,-3.855603e-22
0.908181,-1.316774e-22
0.908425,1.373067e-22
0.908669,3.882860e-22
0.908913,5.904776e-22
0.909158,7.192012e-22
0.909402,7.588997e-22
0.909646,7.050275e-22
0.909890,5.645788e-22
0.910134,3.551919e-22
0.910379,1.029432e-22
0.910623,-1.608946e-22
0.910867,-4.037266e-22
0.911111,-5.956643e-22
0.911355,-7.132088e-22
0.911600,-7.421353e-22
0.911844,-6.792230e-22
0.912088,-5.326198e-22
0.912332,-3.207988e-22
0.912576,-7.023941e-23
0.912821,1.878775e-22
0.913065,4.215477e-22
0.913309,6.019136e-22
0.913553,7.068330e-22
0.913797,7.236048e-22
0.914042,6.505149e-22
0.914286,4.970139e-22
0.914530,2.825056e-22
0.914774,3.390314e-23
0.915018,-2.177427e-22
0.915263,-4.411206e-22
0.915507,-6.085564e-22
0.915751,-6.994468e-22
0.915995,-7.028025e-22
0.916239,-6.185850e-22
0.916484,-4.576737e-22
0.916728,-2.404716e-22
0.916972,5.674467e-24
0.917216,2.499119e-22
0.917460,4.617487e-22
0.917705,6.148632e-22
0.917949,6.903794e-22
0.918193,6.792023e-22
0.918437,5.831206e-22
0.918681,4.145440e-22
0.918926,1.949103e-22
0.919170,-4.803331e-23
0.919414,-2.837323e-22
0.919658,-4.826667e-22
0.919902,-6.200515e-22
0.920147,-6.789305e-22
0.920391,-6.522766e-22
0.920635,-5.438374e-22
0.920879,-3.676239e-22
0.921123,-1.461093e-22
0.921368,9.263019e-23
0.921612,3.184707e-22
0.921856,5.030423e-22
0.922100,6.232958e-22
0.922344,6.643877e-22
0.922589,6.215196e-22
0.922833,5.005045e-22
0.923077,3.169909e-22
0.923321,9.444893e-23
0.923565,-1.388263e-22
0.923810,-3.533092e-22
0.924054,-5.219820e-22
0.924298,-6.237418e-22
0.924542,-6.460474e-22
0.924786,-5.864721e-22
0.925031,-4.529698e-22
0.925275,-2.628247e-22
0.925519,-4.042126e-23
0.925763,1.858774e-22
0.926007,3.873450e-22
0.926252,5.385404e-22
0.926496,6.205246e-22
0.926740,6.232396e-22
0.926984,5.467493e-22
0.927228,4.011883e-22
0.927473,2.054297e-22
0.927717,-1.535494e-23
0.927961,-2.329277e-22
0.928205,-4.195951e-22
0.928449,-5.517354e-22
0.928694,-6.127924e-22
0.928938,-5.953569e-22
0.929182,-5.020714e-22
0.929426,-3.452490e-22
0.929670,-1.452568e-22
0.929915,7.212205e-23
0.930159,2.790095e-22
0.930403,4.490074e-22
0.930647,5.605688e-22
0.930891,5.997346e-22
0.931136,5.618862e-22
0.931380,4.522953e-22
0.931624,2.854022e-22
0.931868,8.292161e-23
0.932112,-1.289769e-22
0.932357,-3.230487e-22
0.932601,-4.744780e-22
0.932845,-5.640544e-22
0.933089,-5.806156e-22
0.933333,-5.224447e-22
0.933578,-3.974465e-22
0.933822,-2.220838e-22
0.934066,-1.921712e-23
0.934310,1.848707e-22
0.934554,3.638784e-22
0.934799,4.948772e-22
0.935043,5.612517e-22
0.935287,5.548135e-22
0.935531,4.768169e-22
0.935775,3.377503e-22
0.936020,1.559356e-22
0.936264,-4.487902e-23
0.936508,-2.386175e-22
0.936752,-4.002615e-22
0.936996,-5.090828e-22
0.937241,-5.513071e-22
0.937485,-5.218622e-22
0.937729,-4.249924e-22
0.937973,-2.736602e-22
0.938217,-8.782002e-23
0.938462,1.082067e-22
0.938706,2.889124e-22
0.938950,4.309227e-22
0.939194,5.160232e-22
0.939438,5.335003e-22
0.939683,4.814959e-22
0.939927,3.672027e-22
0.940171,2.058804e-22
0.940415,1.882548e-23
0.940659,-1.694355e-22
0.940904,-3.343604e-22
0.941148,-4.545917e-22
0.941392,-5.147268e-22
0.941636,-5.072956e-22
0.941880,-4.336940e-22
0.942125,-3.039529e-22
0.942369,-1.353811e-22
0.942613,4.973840e-23
0.942857,2.270898e-22
0.943101,3.735183e-22
0.943346,4.700552e-22
0.943590,5.043794e-22
0.943834,4.723952e-22
0.944078,3.787236e-22
0.944322,2.360473e-22
0.944567,6.340190e-23
0.944811,-1.163590e-22
0.945055,-2.795865e-22
0.945299,-4.049483e-22
0.945543,-4.762192e-22
0.945788,-4.843860e-22
0.946032,-4.287922e-22
0.946276,-3.171761e-22
0.946520,-1.646039e-22
0.946764,8.557197e-24
0.947009,1.793540e-22
0.947253,3.252885e-22
0.947497,4.272833e-22
0.947741,4.721784e-22
0.947985,4.544345e-22
0.948230,3.768195e-22
0.948474,2.499941e-22
0.948718,9.105531e-23
0.948962,-7.876239e-23
0.949206,-2.369214e-22
0.949451,-3.625720e-22
0.949695,-4.393033e-22
0.949939,-4.572903e-22
0.950183,-4.145571e-22
0.950427,-3.171906e-22
0.950672,-1.784848e-22
0.950916,-1.713221e-23
0.951160,1.452907e-22
0.951404,2.872073e-22
0.951648,3.899078e-22
0.951893,4.400191e-22
0.952137,4.312504e-22
0.952381,3.651863e-22
0.952625,2.510269e-22
0.952869,1.043151e-22
0.953114,-5.517392e-23
0.953358,-2.060952e-22
0.953602,-3.283899e-22
0.953846,-4.059537e-22
0.954090,-4.287603e-22
0.954335,-3.941625e-22
0.954579,-3.071979e-22
0.954823,-1.798672e-22
0.955067,-2.948491e-23
0.955311,1.236706e-22
0.955556,2.590899e-22
0.955800,3.587791e-22
0.956044,4.096541e-22
0.956288,4.052612e-22
0.956532,3.465990e-22
0.956777,2.419360e-22
0.957021,1.056535e-22
0.957265,-4.372500e-23
0.957509,-1.860481e-22
0.957753,-3.022546e-22
0.957998,-3.769274e-22
0.958242,-4.003427e-22
0.958486,-3.697396e-22
0.958730,-2.896451e-22
0.958974,-1.712157e-22
0.959219,-3.069031e-23
0.959463,1.128322e-22
0.959707,2.399866e-22
0.959951,3.337550e-22
0.960195,3.817465e-22
0.960440,3.778384e-22
0.960684,3.229597e-22
0.960928,2.249175e-22
0.961172,9.729430e-23
0.961416,-4.242786e-23
0.961661,-1.752595e-22
0.961905,-2.832835e-22
0.962149,-3.520735e-22
0.962393,-3.726235e-22
0.962637,-3.425300e-22
0.962882,-2.662716e-22
0.963126,-1.545534e-22
0.963370,-2.281045e-23
0.963614,1.109203e-22
0.963858,2.284680e-22
0.964103,3.139971e-22
0.964347,3.561431e-22
0.964591,3.495254e-22
0.964835,2.954366e-22
0.965079,2.016187e-22
0.965324,8.116246e-23
0.965568,-4.931404e-23
0.965812,-1.719551e-22
0.966056,-2.701107e-22
0.966300,-3.305978e-22
0.966545,-3.454742e-22
0.966789,-3.130840e-22
0.967033,-2.382375e-22
0.967277,-1.315068e-22
0.967521,-7.738310e-24
0.967766,1.160087e-22
0.968010,2.228118e-22
0.968254,2.981999e-22
0.968498,3.321166e-22
0.968742,3.202640e-22
0.968987,2.646488e-22
0.969231,1.732599e-22
0.969475,5.892760e-23
0.969719,-6.247260e-23
0.969963,-1.742224e-22
0.970208,-2.610626e-22
0.970452,-3.112778e-22
0.970696,-3.182801e-22
0.970940,-2.814749e-22
0.971184,-2.062975e-22
0.971429,-1.034185e-22
0.971673,1.276509e-23
0.971917,1.261416e-22
0.972161,2.211178e-22
0.972405,2.847638e-22
0.972650,3.085760e-22
0.972894,2.896153e-22
0.973138,2.308695e-22
0.973382,1.407944e-22
0.973626,3.210272e-23
0.973871,-8.002578e-23
0.974115,-1.800626e-22
0.974359,-2.542811e-22
0.974603,-2.926410e-22
0.974847,-2.901496e-22
0.975092,-2.475129e-22
0.975336,-1.709919e-22
0.975580,-7.149115e-23
0.975824,3.699118e-23
0.976068,1.393295e-22
0.976313,2.213793e-22
0.976557,2.719328e-22
0.976801,2.842520e-22
0.977045,2.569691e-22
0.977289,1.942324e-22
0.977534,1.050850e-22
0.977778,2.166317e-24
0.978022,-1.000764e-22
0.978266,-1.874148e-22
0.978510,-2.478199e-22
0.978755,-2.731203e-22
0.978999,-2.601098e-22
0.979243,-2.109533e-22
0.979487,-1.328405e-22
0.979731,-3.694012e-23
0.979976,6.319291e-23
0.980220,1.535315e-22
0.980464,2.215410e-22
0.980708,2.579196e-22
0.980952,2.578726e-22
0.981197,2.217452e-22
0.981441,1.549312e-22
0.981685,6.707439e-23
0.981929,-2.931881e-23
0.982173,-1.206571e-22
0.982418,-1.941798e-22
0.982662,-2.397403e-22
0.982906,-2.512081e-22
0.983150,-2.272951e-22
0.983394,-1.716953e-22
0.983639,-9.252225e-23
0.983883,-1.130534e-24
0.984127,8.950995e-23
0.984371,1.666531e-22
0.984615,2.195691e-22
0.984860,2.410384e-22
0.985104,2.283382e-22
0.985348,1.835871e-22
0.985592,1.134036e-22
0.985836,2.793335e-23
0.986081,-6.061452e-23
0.986325,-1.397092e-22
0.986569,-1.982715e-22
0.986813,-2.282264e-22
0.987057,-2.256185e-22
0.987302,-1.911346e-22
0.987546,-1.299650e-22
0.987790,-5.102907e-23
0.988034,3.432205e-23
0.988278,1.139349e-22
0.988523,1.765840e-22
0.988767,2.135549e-22
0.989011,2.198581e-22
0.989255,1.949032e-22
0.989499,1.425431e-22
0.989744,7.048609e-23
0.989988,-1.083421e-23
0.990232,-8.976729e-23
0.990476,-1.551136e-22
0.990720,-1.977139e-22
0.990965,-2.117342e-22
0.991209,-1.954661e-22
0.991453,-1.515320e-22
0.991697,-8.647133e-23
0.991941,-9.772063e-24
0.992186,6.750993e-23
0.992430,1.343432e-22
0.992674,1.812951e-22
0.992918,2.018642e-22
0.993162,1.933817e-22
0.993407,1.573570e-22
0.993651,9.922261e-23
0.993895,2.752026e-23
0.994139,-4.735096e-23
0.994383,-1.146410e-22
0.994628,-1.647917e-22
0.994872,-1.907957e-22
0.995116,-1.891760e-22
0.995360,-1.604515e-22
0.995604,-1.090245e-22
0.995849,-4.251139e-23
0.996093,2.938157e-23
0.996337,9.627255e-23
0.996581,1.486028e-22
0.996825,1.790028e-22
0.997070,1.833316e-22
0.997314,1.612406e-22
0.997558,1.161880e-22
0.997802,5.490325e-23
0.998046,-1.361429e-23
0.998291,-7.941427e-23
0.998535,-1.330396e-22
0.998779,-1.668857e-22
0.999023,-1.762800e-22
0.999267,-1.601275e-22
0.999512,-1.210338e-22
0.999756,-6.489241e-23
1.000000,-1.081287e-35
